sample_id,location_year_group_id,location_name,location_type,administrative_area_key,current_admin_unit,district_mentioned,year,month,target_public_report_present,label_status,label_evidence,target_definition,temporal_granularity,audit_source_obs_ids,audit_source_ids,audit_source_dates,audit_source_row_count,pseudo_negative_candidate_months,case_control_sampling_weight,sampling_seed,source_dataset_doi
N-0f8a4c67d381fa85,GY-639345a0fc0a094f,Xã Quy Đức,Commune,Xã Hưng Long,Xã Hưng Long,Bình Chánh,2002,1,0,pseudo_no_matching_record,No matching row was found in this source for this location-month; actual flood status is unknown.,Presence of a flood-report row in this public source for this named location and calendar month; not physical flood status.,calendar_month,,,,0,11,11,20261003,10.23708/8Y16HU
N-2bd2483a40cf5c8c,GY-f28324fa47060960,Đường Bùi Đình Túy,Street,Phường Bình Thạnh,Phường Bình Thạnh,Bình Thạnh,2002,2,0,pseudo_no_matching_record,No matching row was found in this source for this location-month; actual flood status is unknown.,Presence of a flood-report row in this public source for this named location and calendar month; not physical flood status.,calendar_month,,,,0,11,11,20261003,10.23708/8Y16HU
N-85c2caa057f46626,GY-959aaf13d5251a11,Cầu vượt Hàng Xanh,Intersection,Phường Thạnh Mỹ Tây,Phường Thạnh Mỹ Tây,Bình Thạnh,2002,2,0,pseudo_no_matching_record,No matching row was found in this source for this location-month; actual flood status is unknown.,Presence of a flood-report row in this public source for this named location and calendar month; not physical flood status.,calendar_month,,,,0,11,11,20261003,10.23708/8Y16HU
N-a723674f084098d8,GY-017151da55041142,Xã Đa Phước,Commune,Xã Hưng Long,Xã Hưng Long,Bình Chánh,2002,2,0,pseudo_no_matching_record,No matching row was found in this source for this location-month; actual flood status is unknown.,Presence of a flood-report row in this public source for this named location and calendar month; not physical flood status.,calendar_month,,,,0,11,11,20261003,10.23708/8Y16HU
N-0314f48983723916,GY-7bd859c6b75b37fc,Đường Bạch Đằng,Street,Phường Gia Định,Phường Gia Định,Bình Thạnh,2002,3,0,pseudo_no_matching_record,No matching row was found in this source for this location-month; actual flood status is unknown.,Presence of a flood-report row in this public source for this named location and calendar month; not physical flood status.,calendar_month,,,,0,11,11,20261003,10.23708/8Y16HU
N-010b95d7725f9035,GY-1d4e1ce5d4c1f10b,Cầu Bình Triệu,Bridge,Phường Hiệp Bình,Phường Hiệp Bình,Thủ Đức,2002,3,0,pseudo_no_matching_record,No matching row was found in this source for this location-month; actual flood status is unknown.,Presence of a flood-report row in this public source for this named location and calendar month; not physical flood status.,calendar_month,,,,0,11,11,20261003,10.23708/8Y16HU
N-5b167aabf23f9347,GY-a169186e1b1c9ed3,Đường Đinh Tiên Hoàng,Street,Phường Sài Gòn,Phường Sài Gòn,District 1,2002,3,0,pseudo_no_matching_record,No matching row was found in this source for this location-month; actual flood status is unknown.,Presence of a flood-report row in this public source for this named location and calendar month; not physical flood status.,calendar_month,,,,0,11,11,20261003,10.23708/8Y16HU
N-47fec83e87193ae7,GY-a51c9f84e20eda08,Xã Tân Kiên,Commune,Xã Tân Nhựt,Xã Tân Nhựt,Bình Chánh,2002,3,0,pseudo_no_matching_record,No matching row was found in this source for this location-month; actual flood status is unknown.,Presence of a flood-report row in this public source for this named location and calendar month; not physical flood status.,calendar_month,,,,0,11,11,20261003,10.23708/8Y16HU
N-dfbf852988ad5076,GY-287ed091c6279878,Xã Bình Lợi,Commune,Xã Bình Lợi,Xã Bình Lợi,Bình Chánh,2002,4,0,pseudo_no_matching_record,No matching row was found in this source for this location-month; actual flood status is unknown.,Presence of a flood-report row in this public source for this named location and calendar month; not physical flood status.,calendar_month,,,,0,11,11,20261003,10.23708/8Y16HU
N-34fe5e344d6f3312,GY-4ad5d503b87a7ba2,Đường Xô Viết Nghệ Tĩnh,Street,Phường Thạnh Mỹ Tây,Phường Thạnh Mỹ Tây,Bình Thạnh,2002,5,0,pseudo_no_matching_record,No matching row was found in this source for this location-month; actual flood status is unknown.,Presence of a flood-report row in this public source for this named location and calendar month; not physical flood status.,calendar_month,,,,0,11,11,20261003,10.23708/8Y16HU
N-e32ce4372b9a7980,GY-bae69cd166c375c7,Phường Hiệp Bình,Ward,Phường Hiệp Bình,Phường Hiệp Bình,Thủ Đức,2002,6,0,pseudo_no_matching_record,No matching row was found in this source for this location-month; actual flood status is unknown.,Presence of a flood-report row in this public source for this named location and calendar month; not physical flood status.,calendar_month,,,,0,11,11,20261003,10.23708/8Y16HU
N-8e61b82208f8d531,GY-19704180b6430cc8,Rạch Cây Điệp,Dike,Xã Bình Mỹ,Xã Bình Mỹ,Huyện Củ Chi,2002,6,0,pseudo_no_matching_record,No matching row was found in this source for this location-month; actual flood status is unknown.,Presence of a flood-report row in this public source for this named location and calendar month; not physical flood status.,calendar_month,,,,0,11,11,20261003,10.23708/8Y16HU
N-0ac1ca1b8ee063fe,GY-cfa00f5db3f86f3e,Xã An Phú Tây,Commune,Xã Bình Chánh,Xã Bình Chánh,Bình Chánh,2002,7,0,pseudo_no_matching_record,No matching row was found in this source for this location-month; actual flood status is unknown.,Presence of a flood-report row in this public source for this named location and calendar month; not physical flood status.,calendar_month,,,,0,11,11,20261003,10.23708/8Y16HU
N-c8a597b2365063f5,GY-a35d030d7804fcb3,Rạch Bà Hồng,Dike,Xã Đông Thạnh,Xã Đông Thạnh,Hóc Môn,2002,7,0,pseudo_no_matching_record,No matching row was found in this source for this location-month; actual flood status is unknown.,Presence of a flood-report row in this public source for this named location and calendar month; not physical flood status.,calendar_month,,,,0,11,11,20261003,10.23708/8Y16HU
N-ed9ca2dad1650964,GY-87a87169c687b860,Xã Tân Nhựt,Commune,Xã Tân Nhựt,Xã Tân Nhựt,Bình Chánh,2002,7,0,pseudo_no_matching_record,No matching row was found in this source for this location-month; actual flood status is unknown.,Presence of a flood-report row in this public source for this named location and calendar month; not physical flood status.,calendar_month,,,,0,11,11,20261003,10.23708/8Y16HU
N-21e564b280b6fe15,GY-4166579e34e5a651,Đường Nguyễn Đình Chiểu,Street,Phường Sài Gòn,Phường Sài Gòn,District 1,2002,8,0,pseudo_no_matching_record,No matching row was found in this source for this location-month; actual flood status is unknown.,Presence of a flood-report row in this public source for this named location and calendar month; not physical flood status.,calendar_month,,,,0,11,11,20261003,10.23708/8Y16HU
N-ad332738b882af85,GY-5fcb1decf0a1e49a,Đường Nguyễn Huệ,Street,Phường Sài Gòn,Phường Sài Gòn,District 1,2002,8,0,pseudo_no_matching_record,No matching row was found in this source for this location-month; actual flood status is unknown.,Presence of a flood-report row in this public source for this named location and calendar month; not physical flood status.,calendar_month,,,,0,11,11,20261003,10.23708/8Y16HU
N-a6160b70d6f6327b,GY-fabc6b2d3e9514a9,"Xã Tân Quý Tây, Huyện Bình Chánh, Thành Phố",Commune,Xã Bình Chánh,Xã Bình Chánh,Bình Chánh,2002,8,0,pseudo_no_matching_record,No matching row was found in this source for this location-month; actual flood status is unknown.,Presence of a flood-report row in this public source for this named location and calendar month; not physical flood status.,calendar_month,,,,0,11,11,20261003,10.23708/8Y16HU
N-36d8e63c741f169e,GY-c804d049b1bc7681,Đường Đinh Bộ Lĩnh,Street,Phường Bình Thạnh,Phường Bình Thạnh,Bình Thạnh,2002,9,0,pseudo_no_matching_record,No matching row was found in this source for this location-month; actual flood status is unknown.,Presence of a flood-report row in this public source for this named location and calendar month; not physical flood status.,calendar_month,,,,0,11,11,20261003,10.23708/8Y16HU
N-c59a133533e42dfd,GY-87acf915bbdd1627,Xã Phong Phú,Commune,Xã Bình Hưng,Xã Bình Hưng,Bình Chánh,2002,9,0,pseudo_no_matching_record,No matching row was found in this source for this location-month; actual flood status is unknown.,Presence of a flood-report row in this public source for this named location and calendar month; not physical flood status.,calendar_month,,,,0,11,11,20261003,10.23708/8Y16HU
P-b0418fb342124154,GY-f28324fa47060960,Đường Bùi Đình Túy,Street,Phường Bình Thạnh,Phường Bình Thạnh,Bình Thạnh,2002,10,1,documented_report,At least one source observation matches this location and month.,Presence of a flood-report row in this public source for this named location and calendar month; not physical flood status.,calendar_month,Obs_144,SRC_20,08/10/2002,1,,1,,10.23708/8Y16HU
P-3b4934ce123337cb,GY-c804d049b1bc7681,Đường Đinh Bộ Lĩnh,Street,Phường Bình Thạnh,Phường Bình Thạnh,Bình Thạnh,2002,10,1,documented_report,At least one source observation matches this location and month.,Presence of a flood-report row in this public source for this named location and calendar month; not physical flood status.,calendar_month,Obs_143|Obs_149,SRC_20,08/10/2002,2,,1,,10.23708/8Y16HU
P-98a23213bcbe7b30,GY-7bd859c6b75b37fc,Đường Bạch Đằng,Street,Phường Gia Định,Phường Gia Định,Bình Thạnh,2002,10,1,documented_report,At least one source observation matches this location and month.,Presence of a flood-report row in this public source for this named location and calendar month; not physical flood status.,calendar_month,Obs_150,SRC_20,08/10/2002,1,,1,,10.23708/8Y16HU
P-50e1fc650a663e06,GY-1d4e1ce5d4c1f10b,Cầu Bình Triệu,Bridge,Phường Hiệp Bình,Phường Hiệp Bình,Thủ Đức,2002,10,1,documented_report,At least one source observation matches this location and month.,Presence of a flood-report row in this public source for this named location and calendar month; not physical flood status.,calendar_month,Obs_152,SRC_20,08/10/2002,1,,1,,10.23708/8Y16HU
P-ecd083b4780f452d,GY-bae69cd166c375c7,Phường Hiệp Bình,Ward,Phường Hiệp Bình,Phường Hiệp Bình,Thủ Đức,2002,10,1,documented_report,At least one source observation matches this location and month.,Presence of a flood-report row in this public source for this named location and calendar month; not physical flood status.,calendar_month,Obs_153,SRC_20,08/10/2002,1,,1,,10.23708/8Y16HU
P-961ce16c7bfa9859,GY-5ba9bfd4bd88d0a8,Đường Lý Thường Kiệt,Street,Phường Phú Thọ,Phường Phú Thọ,District 5,2002,10,1,documented_report,At least one source observation matches this location and month.,Presence of a flood-report row in this public source for this named location and calendar month; not physical flood status.,calendar_month,Obs_164,SRC_20,08/10/2002,1,,1,,10.23708/8Y16HU
P-7db75f14d576acfd,GY-a169186e1b1c9ed3,Đường Đinh Tiên Hoàng,Street,Phường Sài Gòn,Phường Sài Gòn,District 1,2002,10,1,documented_report,At least one source observation matches this location and month.,Presence of a flood-report row in this public source for this named location and calendar month; not physical flood status.,calendar_month,Obs_146,SRC_20,08/10/2002,1,,1,,10.23708/8Y16HU
P-7ef3c9b9a7274471,GY-4166579e34e5a651,Đường Nguyễn Đình Chiểu,Street,Phường Sài Gòn,Phường Sài Gòn,District 1,2002,10,1,documented_report,At least one source observation matches this location and month.,Presence of a flood-report row in this public source for this named location and calendar month; not physical flood status.,calendar_month,Obs_166,SRC_20,08/10/2002,1,,1,,10.23708/8Y16HU
P-fc6bbe720ff3c868,GY-5fcb1decf0a1e49a,Đường Nguyễn Huệ,Street,Phường Sài Gòn,Phường Sài Gòn,District 1,2002,10,1,documented_report,At least one source observation matches this location and month.,Presence of a flood-report row in this public source for this named location and calendar month; not physical flood status.,calendar_month,Obs_165,SRC_20,08/10/2002,1,,1,,10.23708/8Y16HU
P-a6fcf372444e2001,GY-959aaf13d5251a11,Cầu vượt Hàng Xanh,Intersection,Phường Thạnh Mỹ Tây,Phường Thạnh Mỹ Tây,Bình Thạnh,2002,10,1,documented_report,At least one source observation matches this location and month.,Presence of a flood-report row in this public source for this named location and calendar month; not physical flood status.,calendar_month,Obs_147,SRC_20,08/10/2002,1,,1,,10.23708/8Y16HU
P-ba28633e0f3012f0,GY-4ad5d503b87a7ba2,Đường Xô Viết Nghệ Tĩnh,Street,Phường Thạnh Mỹ Tây,Phường Thạnh Mỹ Tây,Bình Thạnh,2002,10,1,documented_report,At least one source observation matches this location and month.,Presence of a flood-report row in this public source for this named location and calendar month; not physical flood status.,calendar_month,Obs_151,SRC_20,08/10/2002,1,,1,,10.23708/8Y16HU
P-3ac05d0d03414b78,GY-cfa00f5db3f86f3e,Xã An Phú Tây,Commune,Xã Bình Chánh,Xã Bình Chánh,Bình Chánh,2002,10,1,documented_report,At least one source observation matches this location and month.,Presence of a flood-report row in this public source for this named location and calendar month; not physical flood status.,calendar_month,Obs_156,SRC_20,08/10/2002,1,,1,,10.23708/8Y16HU
P-c75bba814e263698,GY-fabc6b2d3e9514a9,"Xã Tân Quý Tây, Huyện Bình Chánh, Thành Phố",Commune,Xã Bình Chánh,Xã Bình Chánh,Bình Chánh,2002,10,1,documented_report,At least one source observation matches this location and month.,Presence of a flood-report row in this public source for this named location and calendar month; not physical flood status.,calendar_month,Obs_157,SRC_20,08/10/2002,1,,1,,10.23708/8Y16HU
P-1f8edc12dbba104c,GY-87acf915bbdd1627,Xã Phong Phú,Commune,Xã Bình Hưng,Xã Bình Hưng,Bình Chánh,2002,10,1,documented_report,At least one source observation matches this location and month.,Presence of a flood-report row in this public source for this named location and calendar month; not physical flood status.,calendar_month,Obs_161,SRC_20,08/10/2002,1,,1,,10.23708/8Y16HU
P-41b3ba40d1d76bf1,GY-287ed091c6279878,Xã Bình Lợi,Commune,Xã Bình Lợi,Xã Bình Lợi,Bình Chánh,2002,10,1,documented_report,At least one source observation matches this location and month.,Presence of a flood-report row in this public source for this named location and calendar month; not physical flood status.,calendar_month,Obs_154,SRC_20,08/10/2002,1,,1,,10.23708/8Y16HU
P-5eeddf9f8956dbb7,GY-19704180b6430cc8,Rạch Cây Điệp,Dike,Xã Bình Mỹ,Xã Bình Mỹ,Huyện Củ Chi,2002,10,1,documented_report,At least one source observation matches this location and month.,Presence of a flood-report row in this public source for this named location and calendar month; not physical flood status.,calendar_month,Obs_163,SRC_20,08/10/2002,1,,1,,10.23708/8Y16HU
P-9d635246207955fb,GY-a35d030d7804fcb3,Rạch Bà Hồng,Dike,Xã Đông Thạnh,Xã Đông Thạnh,Hóc Môn,2002,10,1,documented_report,At least one source observation matches this location and month.,Presence of a flood-report row in this public source for this named location and calendar month; not physical flood status.,calendar_month,Obs_162,SRC_20,08/10/2002,1,,1,,10.23708/8Y16HU
P-e30d8a14e9a77028,GY-017151da55041142,Xã Đa Phước,Commune,Xã Hưng Long,Xã Hưng Long,Bình Chánh,2002,10,1,documented_report,At least one source observation matches this location and month.,Presence of a flood-report row in this public source for this named location and calendar month; not physical flood status.,calendar_month,Obs_155,SRC_20,08/10/2002,1,,1,,10.23708/8Y16HU
P-2f16c3b50bdbbddd,GY-639345a0fc0a094f,Xã Quy Đức,Commune,Xã Hưng Long,Xã Hưng Long,Bình Chánh,2002,10,1,documented_report,At least one source observation matches this location and month.,Presence of a flood-report row in this public source for this named location and calendar month; not physical flood status.,calendar_month,Obs_158,SRC_20,08/10/2002,1,,1,,10.23708/8Y16HU
P-a7ceeee7bb9e9dde,GY-a51c9f84e20eda08,Xã Tân Kiên,Commune,Xã Tân Nhựt,Xã Tân Nhựt,Bình Chánh,2002,10,1,documented_report,At least one source observation matches this location and month.,Presence of a flood-report row in this public source for this named location and calendar month; not physical flood status.,calendar_month,Obs_159,SRC_20,08/10/2002,1,,1,,10.23708/8Y16HU
P-8505c87912042d47,GY-87a87169c687b860,Xã Tân Nhựt,Commune,Xã Tân Nhựt,Xã Tân Nhựt,Bình Chánh,2002,10,1,documented_report,At least one source observation matches this location and month.,Presence of a flood-report row in this public source for this named location and calendar month; not physical flood status.,calendar_month,Obs_160,SRC_20,08/10/2002,1,,1,,10.23708/8Y16HU
N-deb50ae07a4131b5,GY-5ba9bfd4bd88d0a8,Đường Lý Thường Kiệt,Street,Phường Phú Thọ,Phường Phú Thọ,District 5,2002,12,0,pseudo_no_matching_record,No matching row was found in this source for this location-month; actual flood status is unknown.,Presence of a flood-report row in this public source for this named location and calendar month; not physical flood status.,calendar_month,,,,0,11,11,20261003,10.23708/8Y16HU
N-a4d8f4501c63bcd5,GY-aec880d4a24a3992,Chợ Thanh Đa,Market,Phường Bình Quới,Phường Bình Quới,Bình Thạnh,2005,4,0,pseudo_no_matching_record,No matching row was found in this source for this location-month; actual flood status is unknown.,Presence of a flood-report row in this public source for this named location and calendar month; not physical flood status.,calendar_month,,,,0,11,11,20261003,10.23708/8Y16HU
N-e711822288825b63,GY-03e5bba3255767d0,Đường Số 2,Street,Phường An Khánh,Phường An Khánh,District 2,2005,6,0,pseudo_no_matching_record,No matching row was found in this source for this location-month; actual flood status is unknown.,Presence of a flood-report row in this public source for this named location and calendar month; not physical flood status.,calendar_month,,,,0,11,11,20261003,10.23708/8Y16HU
N-c2aeea8d48882f3f,GY-6c712882fc1b11bb,Đường Võ Văn Ngân,Street,Phường Thủ Đức,Phường Thủ Đức,Thủ Đức,2005,8,0,pseudo_no_matching_record,No matching row was found in this source for this location-month; actual flood status is unknown.,Presence of a flood-report row in this public source for this named location and calendar month; not physical flood status.,calendar_month,,,,0,11,11,20261003,10.23708/8Y16HU
P-f5bd0203f164f2eb,GY-03e5bba3255767d0,Đường Số 2,Street,Phường An Khánh,Phường An Khánh,District 2,2005,11,1,documented_report,At least one source observation matches this location and month.,Presence of a flood-report row in this public source for this named location and calendar month; not physical flood status.,calendar_month,Obs_193,SRC_23,19/11/2005,1,,1,,10.23708/8Y16HU
P-301894395fbb751a,GY-aec880d4a24a3992,Chợ Thanh Đa,Market,Phường Bình Quới,Phường Bình Quới,Bình Thạnh,2005,11,1,documented_report,At least one source observation matches this location and month.,Presence of a flood-report row in this public source for this named location and calendar month; not physical flood status.,calendar_month,Obs_191,SRC_23,19/11/2005,1,,1,,10.23708/8Y16HU
P-27d237d349945a36,GY-6c712882fc1b11bb,Đường Võ Văn Ngân,Street,Phường Thủ Đức,Phường Thủ Đức,Thủ Đức,2005,11,1,documented_report,At least one source observation matches this location and month.,Presence of a flood-report row in this public source for this named location and calendar month; not physical flood status.,calendar_month,Obs_192,SRC_23,19/11/2005,1,,1,,10.23708/8Y16HU
N-8bb7ee75c0c73cbd,GY-c90a80d1f13883d4,Đường Liên Ấp 3-4,Street,Xã Hiệp Phước,Xã Hiệp Phước,Nhà Bè,2006,1,0,pseudo_no_matching_record,No matching row was found in this source for this location-month; actual flood status is unknown.,Presence of a flood-report row in this public source for this named location and calendar month; not physical flood status.,calendar_month,,,,0,11,11,20261003,10.23708/8Y16HU
N-be3c169d6913bebe,GY-5b192721dc3c1f91,Phường Linh Đông,Ward,Phường Hiệp Bình,Phường Hiệp Bình,Thủ Đức,2006,2,0,pseudo_no_matching_record,No matching row was found in this source for this location-month; actual flood status is unknown.,Presence of a flood-report row in this public source for this named location and calendar month; not physical flood status.,calendar_month,,,,0,11,11,20261003,10.23708/8Y16HU
N-b829420ae5a2a022,GY-7dc704806fd48554,Xã An Phú Tây,Commune,Xã Bình Chánh,Xã Bình Chánh,Bình Chánh,2006,2,0,pseudo_no_matching_record,No matching row was found in this source for this location-month; actual flood status is unknown.,Presence of a flood-report row in this public source for this named location and calendar month; not physical flood status.,calendar_month,,,,0,11,11,20261003,10.23708/8Y16HU
N-4897ded6a5a56278,GY-183d5bd2c3c03911,Rạch Mường Đình,Canal,Xã Hiệp Phước,Xã Hiệp Phước,Nhà Bè,2006,2,0,pseudo_no_matching_record,No matching row was found in this source for this location-month; actual flood status is unknown.,Presence of a flood-report row in this public source for this named location and calendar month; not physical flood status.,calendar_month,,,,0,11,11,20261003,10.23708/8Y16HU
N-0f3bdb99e8365527,GY-7ba5339464185ff6,Phường Hiệp Bình Phước,Ward,Phường Hiệp Bình,Phường Hiệp Bình,Thủ Đức,2006,3,0,pseudo_no_matching_record,No matching row was found in this source for this location-month; actual flood status is unknown.,Presence of a flood-report row in this public source for this named location and calendar month; not physical flood status.,calendar_month,,,,0,11,11,20261003,10.23708/8Y16HU
N-d9459331325c4862,GY-d297c64372ff260a,"Khu B, Xã Bình Lợi",Commune,Bình Chánh,Bình Chánh,Bình Chánh,2006,4,0,pseudo_no_matching_record,No matching row was found in this source for this location-month; actual flood status is unknown.,Presence of a flood-report row in this public source for this named location and calendar month; not physical flood status.,calendar_month,,,,0,11,11,20261003,10.23708/8Y16HU
N-438aa314bfefa188,GY-376f016507c0005e,Đường Bình Quới,Street,Phường Bình Quới,Phường Bình Quới,Bình Thạnh,2006,4,0,pseudo_no_matching_record,No matching row was found in this source for this location-month; actual flood status is unknown.,Presence of a flood-report row in this public source for this named location and calendar month; not physical flood status.,calendar_month,,,,0,11,11,20261003,10.23708/8Y16HU
N-7909b6adebd071f8,GY-48b576b24b9847df,Rạch Lùng,Canal,Phường Hiệp Bình,Phường Hiệp Bình,Thủ Đức,2006,4,0,pseudo_no_matching_record,No matching row was found in this source for this location-month; actual flood status is unknown.,Presence of a flood-report row in this public source for this named location and calendar month; not physical flood status.,calendar_month,,,,0,11,11,20261003,10.23708/8Y16HU
N-01786f965a3cb61f,GY-592391fbb915e1e0,Xã Đa Phước,Commune,Xã Hưng Long,Xã Hưng Long,Bình Chánh,2006,4,0,pseudo_no_matching_record,No matching row was found in this source for this location-month; actual flood status is unknown.,Presence of a flood-report row in this public source for this named location and calendar month; not physical flood status.,calendar_month,,,,0,11,11,20261003,10.23708/8Y16HU
N-3e3002f633bca32e,GY-0c8ec4a3c1676557,Đường Thanh Niên Xung Phong,Street,Xã Hiệp Phước,Xã Hiệp Phước,Nhà Bè,2006,6,0,pseudo_no_matching_record,No matching row was found in this source for this location-month; actual flood status is unknown.,Presence of a flood-report row in this public source for this named location and calendar month; not physical flood status.,calendar_month,,,,0,11,11,20261003,10.23708/8Y16HU
N-7de5e6e36b10b231,GY-9d1a0ba85cc580b3,Quốc Lộ 50,Commune,Xã Bình Hưng,Xã Bình Hưng,Bình Chánh,2006,7,0,pseudo_no_matching_record,No matching row was found in this source for this location-month; actual flood status is unknown.,Presence of a flood-report row in this public source for this named location and calendar month; not physical flood status.,calendar_month,,,,0,11,11,20261003,10.23708/8Y16HU
N-66403c0e01a8d874,GY-23c72e06c45c15a6,Đường Gò Me,Street,Xã Hiệp Phước,Xã Hiệp Phước,Nhà Bè,2006,7,0,pseudo_no_matching_record,No matching row was found in this source for this location-month; actual flood status is unknown.,Presence of a flood-report row in this public source for this named location and calendar month; not physical flood status.,calendar_month,,,,0,11,11,20261003,10.23708/8Y16HU
N-058ead7e777ca356,GY-4d00a3e752aece43,Đường Mương Lớn,Street,Xã Hiệp Phước,Xã Hiệp Phước,Nhà Bè,2006,9,0,pseudo_no_matching_record,No matching row was found in this source for this location-month; actual flood status is unknown.,Presence of a flood-report row in this public source for this named location and calendar month; not physical flood status.,calendar_month,,,,0,11,11,20261003,10.23708/8Y16HU
N-884198ed23d8ac3f,GY-5d8c658de60845f4,Xã Tân Nhựt,Commune,Xã Tân Nhựt,Xã Tân Nhựt,Bình Chánh,2006,9,0,pseudo_no_matching_record,No matching row was found in this source for this location-month; actual flood status is unknown.,Presence of a flood-report row in this public source for this named location and calendar month; not physical flood status.,calendar_month,,,,0,11,11,20261003,10.23708/8Y16HU
N-eb797a6557d7ea28,GY-af71eb15f4854c2b,Đường Số 7,Street,Phường Hiệp Bình,Phường Hiệp Bình,Thủ Đức,2006,10,0,pseudo_no_matching_record,No matching row was found in this source for this location-month; actual flood status is unknown.,Presence of a flood-report row in this public source for this named location and calendar month; not physical flood status.,calendar_month,,,,0,11,11,20261003,10.23708/8Y16HU
P-deb0d22a1bc03067,GY-d297c64372ff260a,"Khu B, Xã Bình Lợi",Commune,Bình Chánh,Bình Chánh,Bình Chánh,2006,11,1,documented_report,At least one source observation matches this location and month.,Presence of a flood-report row in this public source for this named location and calendar month; not physical flood status.,calendar_month,Obs_214,SRC_27,05/11/2006,1,,1,,10.23708/8Y16HU
P-44d8106ed0504088,GY-376f016507c0005e,Đường Bình Quới,Street,Phường Bình Quới,Phường Bình Quới,Bình Thạnh,2006,11,1,documented_report,At least one source observation matches this location and month.,Presence of a flood-report row in this public source for this named location and calendar month; not physical flood status.,calendar_month,Obs_201,SRC_25,06/11/2006,1,,1,,10.23708/8Y16HU
P-c34f89a53dcac019,GY-af71eb15f4854c2b,Đường Số 7,Street,Phường Hiệp Bình,Phường Hiệp Bình,Thủ Đức,2006,11,1,documented_report,At least one source observation matches this location and month.,Presence of a flood-report row in this public source for this named location and calendar month; not physical flood status.,calendar_month,Obs_224,SRC_28,05/11/2006,1,,1,,10.23708/8Y16HU
P-d82f6e601f198cc4,GY-7ba5339464185ff6,Phường Hiệp Bình Phước,Ward,Phường Hiệp Bình,Phường Hiệp Bình,Thủ Đức,2006,11,1,documented_report,At least one source observation matches this location and month.,Presence of a flood-report row in this public source for this named location and calendar month; not physical flood status.,calendar_month,Obs_202,SRC_25,06/11/2006,1,,1,,10.23708/8Y16HU
P-d3818e39d39dcd3e,GY-5b192721dc3c1f91,Phường Linh Đông,Ward,Phường Hiệp Bình,Phường Hiệp Bình,Thủ Đức,2006,11,1,documented_report,At least one source observation matches this location and month.,Presence of a flood-report row in this public source for this named location and calendar month; not physical flood status.,calendar_month,Obs_203,SRC_25,06/11/2006,1,,1,,10.23708/8Y16HU
P-b3d498a5bf813376,GY-48b576b24b9847df,Rạch Lùng,Canal,Phường Hiệp Bình,Phường Hiệp Bình,Thủ Đức,2006,11,1,documented_report,At least one source observation matches this location and month.,Presence of a flood-report row in this public source for this named location and calendar month; not physical flood status.,calendar_month,Obs_223,SRC_27,05/11/2006,1,,1,,10.23708/8Y16HU
P-0d2566faea469a3a,GY-7dc704806fd48554,Xã An Phú Tây,Commune,Xã Bình Chánh,Xã Bình Chánh,Bình Chánh,2006,11,1,documented_report,At least one source observation matches this location and month.,Presence of a flood-report row in this public source for this named location and calendar month; not physical flood status.,calendar_month,Obs_204,SRC_25,06/11/2006,1,,1,,10.23708/8Y16HU
P-8ac5e1c5dca1cfcf,GY-9d1a0ba85cc580b3,Quốc Lộ 50,Commune,Xã Bình Hưng,Xã Bình Hưng,Bình Chánh,2006,11,1,documented_report,At least one source observation matches this location and month.,Presence of a flood-report row in this public source for this named location and calendar month; not physical flood status.,calendar_month,Obs_217,SRC_27,05/11/2006,1,,1,,10.23708/8Y16HU
P-5f0821fd68fae4a7,GY-23c72e06c45c15a6,Đường Gò Me,Street,Xã Hiệp Phước,Xã Hiệp Phước,Nhà Bè,2006,11,1,documented_report,At least one source observation matches this location and month.,Presence of a flood-report row in this public source for this named location and calendar month; not physical flood status.,calendar_month,Obs_220,SRC_27,05/11/2006,1,,1,,10.23708/8Y16HU
P-6f76f1868fa5d753,GY-c90a80d1f13883d4,Đường Liên Ấp 3-4,Street,Xã Hiệp Phước,Xã Hiệp Phước,Nhà Bè,2006,11,1,documented_report,At least one source observation matches this location and month.,Presence of a flood-report row in this public source for this named location and calendar month; not physical flood status.,calendar_month,Obs_222,SRC_27,05/11/2006,1,,1,,10.23708/8Y16HU
P-6ca5c120d413e21a,GY-4d00a3e752aece43,Đường Mương Lớn,Street,Xã Hiệp Phước,Xã Hiệp Phước,Nhà Bè,2006,11,1,documented_report,At least one source observation matches this location and month.,Presence of a flood-report row in this public source for this named location and calendar month; not physical flood status.,calendar_month,Obs_219,SRC_27,05/11/2006,1,,1,,10.23708/8Y16HU
P-cc174939d266c817,GY-0c8ec4a3c1676557,Đường Thanh Niên Xung Phong,Street,Xã Hiệp Phước,Xã Hiệp Phước,Nhà Bè,2006,11,1,documented_report,At least one source observation matches this location and month.,Presence of a flood-report row in this public source for this named location and calendar month; not physical flood status.,calendar_month,Obs_218,SRC_27,05/11/2006,1,,1,,10.23708/8Y16HU
P-57e4da39ee2e8a0c,GY-183d5bd2c3c03911,Rạch Mường Đình,Canal,Xã Hiệp Phước,Xã Hiệp Phước,Nhà Bè,2006,11,1,documented_report,At least one source observation matches this location and month.,Presence of a flood-report row in this public source for this named location and calendar month; not physical flood status.,calendar_month,Obs_221,SRC_27,05/11/2006,1,,1,,10.23708/8Y16HU
P-5009d298d5d3125c,GY-592391fbb915e1e0,Xã Đa Phước,Commune,Xã Hưng Long,Xã Hưng Long,Bình Chánh,2006,11,1,documented_report,At least one source observation matches this location and month.,Presence of a flood-report row in this public source for this named location and calendar month; not physical flood status.,calendar_month,Obs_215,SRC_27,05/11/2006,1,,1,,10.23708/8Y16HU
P-820e0fc7f76d83be,GY-5d8c658de60845f4,Xã Tân Nhựt,Commune,Xã Tân Nhựt,Xã Tân Nhựt,Bình Chánh,2006,11,1,documented_report,At least one source observation matches this location and month.,Presence of a flood-report row in this public source for this named location and calendar month; not physical flood status.,calendar_month,Obs_216,SRC_27,05/11/2006,1,,1,,10.23708/8Y16HU
N-18276a626794b5af,GY-4c6e73ce947f834e,"Phường Hiệp Bình Chánh, khu phố 3",Neighborhood,Phường Hiệp Bình,Phường Hiệp Bình,Thủ Đức,2007,3,0,pseudo_no_matching_record,No matching row was found in this source for this location-month; actual flood status is unknown.,Presence of a flood-report row in this public source for this named location and calendar month; not physical flood status.,calendar_month,,,,0,11,11,20261003,10.23708/8Y16HU
N-53c0fecd08c672a7,GY-4cdb9c1dc25e434b,"Phường Hiệp Bình Chánh, khu phố 5",Neighborhood,Phường Hiệp Bình,Phường Hiệp Bình,Thủ Đức,2007,3,0,pseudo_no_matching_record,No matching row was found in this source for this location-month; actual flood status is unknown.,Presence of a flood-report row in this public source for this named location and calendar month; not physical flood status.,calendar_month,,,,0,11,11,20261003,10.23708/8Y16HU
N-d4e5aa90809597e5,GY-83fdaaac1caf4ad3,Quốc lộ 13,National Highway,Phường Hiệp Bình,Phường Hiệp Bình,Thủ Đức,2007,3,0,pseudo_no_matching_record,No matching row was found in this source for this location-month; actual flood status is unknown.,Presence of a flood-report row in this public source for this named location and calendar month; not physical flood status.,calendar_month,,,,0,11,11,20261003,10.23708/8Y16HU
N-c17094a7e0e12a7d,GY-d5b2b062f5abef42,Đường Ngô Tất Tố,Street,Phường Thạnh Mỹ Tây,Phường Thạnh Mỹ Tây,Bình Thạnh,2007,3,0,pseudo_no_matching_record,No matching row was found in this source for this location-month; actual flood status is unknown.,Presence of a flood-report row in this public source for this named location and calendar month; not physical flood status.,calendar_month,,,,0,11,11,20261003,10.23708/8Y16HU
N-0eb3f334a20b1ea9,GY-333cad45c8723ecc,UBND Phường 28 Quận Bình Thạnh,School,Phường Bình Quới,Phường Bình Quới,Bình Thạnh,2007,4,0,pseudo_no_matching_record,No matching row was found in this source for this location-month; actual flood status is unknown.,Presence of a flood-report row in this public source for this named location and calendar month; not physical flood status.,calendar_month,,,,0,11,11,20261003,10.23708/8Y16HU
N-6dc0bc8fbf73549d,GY-9631873535e5d154,Khu Villa An Phú Đông 12,Neighborhood,Phường An Phú Đông,Phường An Phú Đông,District 12,2007,5,0,pseudo_no_matching_record,No matching row was found in this source for this location-month; actual flood status is unknown.,Presence of a flood-report row in this public source for this named location and calendar month; not physical flood status.,calendar_month,,,,0,11,11,20261003,10.23708/8Y16HU
N-e7e6dc1b2abb59ad,GY-a9cd57bc0f143a2c,Tổ 47 KP3,Street,Phường An Phú Đông,Phường An Phú Đông,District 12,2007,5,0,pseudo_no_matching_record,No matching row was found in this source for this location-month; actual flood status is unknown.,Presence of a flood-report row in this public source for this named location and calendar month; not physical flood status.,calendar_month,,,,0,11,11,20261003,10.23708/8Y16HU
N-545525cd7fd6ebb9,GY-c47eae4db605c3d3,"Phường Hiệp Bình Phước, khu phố 6",Neighborhood,Phường Hiệp Bình,Phường Hiệp Bình,Thủ Đức,2007,5,0,pseudo_no_matching_record,No matching row was found in this source for this location-month; actual flood status is unknown.,Presence of a flood-report row in this public source for this named location and calendar month; not physical flood status.,calendar_month,,,,0,11,11,20261003,10.23708/8Y16HU
N-3f4c9a9107386c8c,GY-8383dbe765dd0548,Tiểu học Hiệp Bình Phước,School,Phường Hiệp Bình,Phường Hiệp Bình,Thủ Đức,2007,6,0,pseudo_no_matching_record,No matching row was found in this source for this location-month; actual flood status is unknown.,Presence of a flood-report row in this public source for this named location and calendar month; not physical flood status.,calendar_month,,,,0,11,11,20261003,10.23708/8Y16HU
N-8a1eafe27f308927,GY-249afd7fe5b96524,Tổ 46 KP3,Street,Phường An Phú Đông,Phường An Phú Đông,District 12,2007,7,0,pseudo_no_matching_record,No matching row was found in this source for this location-month; actual flood status is unknown.,Presence of a flood-report row in this public source for this named location and calendar month; not physical flood status.,calendar_month,,,,0,11,11,20261003,10.23708/8Y16HU
N-57316032a479648e,GY-17ef99ad66f674ab,Rạch Văn Thánh,Residential area,Phường Thạnh Mỹ Tây,Phường Thạnh Mỹ Tây,Bình Thạnh,2007,7,0,pseudo_no_matching_record,No matching row was found in this source for this location-month; actual flood status is unknown.,Presence of a flood-report row in this public source for this named location and calendar month; not physical flood status.,calendar_month,,,,0,11,11,20261003,10.23708/8Y16HU
N-baeff27b1e76cf32,GY-b01e4cf048fe351f,"Khu B, Xã Bình Lợi",Commune,Bình Chánh,Bình Chánh,Bình Chánh,2007,9,0,pseudo_no_matching_record,No matching row was found in this source for this location-month; actual flood status is unknown.,Presence of a flood-report row in this public source for this named location and calendar month; not physical flood status.,calendar_month,,,,0,11,11,20261003,10.23708/8Y16HU
P-c0fb4a3d73345e82,GY-249afd7fe5b96524,Tổ 46 KP3,Street,Phường An Phú Đông,Phường An Phú Đông,District 12,2007,10,1,documented_report,At least one source observation matches this location and month.,Presence of a flood-report row in this public source for this named location and calendar month; not physical flood status.,calendar_month,Obs_190,SRC_22,27/10/2007,1,,1,,10.23708/8Y16HU
P-7d939ba650c4edf8,GY-a9cd57bc0f143a2c,Tổ 47 KP3,Street,Phường An Phú Đông,Phường An Phú Đông,District 12,2007,10,1,documented_report,At least one source observation matches this location and month.,Presence of a flood-report row in this public source for this named location and calendar month; not physical flood status.,calendar_month,Obs_189,SRC_22,27/10/2007,1,,1,,10.23708/8Y16HU
P-5709b17ceb024535,GY-de80591d8a90fa55,Chợ Thanh Đa,Market,Phường Bình Quới,Phường Bình Quới,Bình Thạnh,2007,10,1,documented_report,At least one source observation matches this location and month.,Presence of a flood-report row in this public source for this named location and calendar month; not physical flood status.,calendar_month,Obs_187,SRC_22,27/10/2007,1,,1,,10.23708/8Y16HU
P-5d0f4fd123ebd31a,GY-d5b2b062f5abef42,Đường Ngô Tất Tố,Street,Phường Thạnh Mỹ Tây,Phường Thạnh Mỹ Tây,Bình Thạnh,2007,10,1,documented_report,At least one source observation matches this location and month.,Presence of a flood-report row in this public source for this named location and calendar month; not physical flood status.,calendar_month,Obs_188,SRC_22,27/10/2007,1,,1,,10.23708/8Y16HU
P-680088a6395e07de,GY-17ef99ad66f674ab,Rạch Văn Thánh,Residential area,Phường Thạnh Mỹ Tây,Phường Thạnh Mỹ Tây,Bình Thạnh,2007,10,1,documented_report,At least one source observation matches this location and month.,Presence of a flood-report row in this public source for this named location and calendar month; not physical flood status.,calendar_month,Obs_186,SRC_22,27/10/2007,1,,1,,10.23708/8Y16HU
P-41a27b8881532c93,GY-b01e4cf048fe351f,"Khu B, Xã Bình Lợi",Commune,Bình Chánh,Bình Chánh,Bình Chánh,2007,11,1,documented_report,At least one source observation matches this location and month.,Presence of a flood-report row in this public source for this named location and calendar month; not physical flood status.,calendar_month,Obs_212,SRC_26,26/11/2007,1,,1,,10.23708/8Y16HU
P-7a02f9488cc5d58b,GY-9631873535e5d154,Khu Villa An Phú Đông 12,Neighborhood,Phường An Phú Đông,Phường An Phú Đông,District 12,2007,11,1,documented_report,At least one source observation matches this location and month.,Presence of a flood-report row in this public source for this named location and calendar month; not physical flood status.,calendar_month,Obs_210,SRC_26,26/11/2007,1,,1,,10.23708/8Y16HU
P-867d9e906dcf1520,GY-333cad45c8723ecc,UBND Phường 28 Quận Bình Thạnh,School,Phường Bình Quới,Phường Bình Quới,Bình Thạnh,2007,11,1,documented_report,At least one source observation matches this location and month.,Presence of a flood-report row in this public source for this named location and calendar month; not physical flood status.,calendar_month,Obs_211,SRC_26,26/11/2007,1,,1,,10.23708/8Y16HU
P-a4613cd614bafa30,GY-4c6e73ce947f834e,"Phường Hiệp Bình Chánh, khu phố 3",Neighborhood,Phường Hiệp Bình,Phường Hiệp Bình,Thủ Đức,2007,11,1,documented_report,At least one source observation matches this location and month.,Presence of a flood-report row in this public source for this named location and calendar month; not physical flood status.,calendar_month,Obs_208,SRC_26,25/11/2007,1,,1,,10.23708/8Y16HU
P-56626869c43d9c3b,GY-299f61458afbc89b,"Phường Hiệp Bình Chánh, khu phố 4",Neighborhood,Phường Hiệp Bình,Phường Hiệp Bình,Thủ Đức,2007,11,1,documented_report,At least one source observation matches this location and month.,Presence of a flood-report row in this public source for this named location and calendar month; not physical flood status.,calendar_month,Obs_209,SRC_26,25/11/2007,1,,1,,10.23708/8Y16HU
P-3530f098953d4a5b,GY-4cdb9c1dc25e434b,"Phường Hiệp Bình Chánh, khu phố 5",Neighborhood,Phường Hiệp Bình,Phường Hiệp Bình,Thủ Đức,2007,11,1,documented_report,At least one source observation matches this location and month.,Presence of a flood-report row in this public source for this named location and calendar month; not physical flood status.,calendar_month,Obs_207,SRC_26,25/11/2007,1,,1,,10.23708/8Y16HU
P-85f16fcf91134aca,GY-c47eae4db605c3d3,"Phường Hiệp Bình Phước, khu phố 6",Neighborhood,Phường Hiệp Bình,Phường Hiệp Bình,Thủ Đức,2007,11,1,documented_report,At least one source observation matches this location and month.,Presence of a flood-report row in this public source for this named location and calendar month; not physical flood status.,calendar_month,Obs_206,SRC_26,25/11/2007,1,,1,,10.23708/8Y16HU
P-ed032f1862c6b2f5,GY-83fdaaac1caf4ad3,Quốc lộ 13,National Highway,Phường Hiệp Bình,Phường Hiệp Bình,Thủ Đức,2007,11,1,documented_report,At least one source observation matches this location and month.,Presence of a flood-report row in this public source for this named location and calendar month; not physical flood status.,calendar_month,Obs_213,SRC_26,26/11/2007,1,,1,,10.23708/8Y16HU
P-b33e6f4d161334d5,GY-8383dbe765dd0548,Tiểu học Hiệp Bình Phước,School,Phường Hiệp Bình,Phường Hiệp Bình,Thủ Đức,2007,11,1,documented_report,At least one source observation matches this location and month.,Presence of a flood-report row in this public source for this named location and calendar month; not physical flood status.,calendar_month,Obs_205,SRC_26,27/11/2007,1,,1,,10.23708/8Y16HU
N-a3d21322680e3479,GY-de80591d8a90fa55,Chợ Thanh Đa,Market,Phường Bình Quới,Phường Bình Quới,Bình Thạnh,2007,12,0,pseudo_no_matching_record,No matching row was found in this source for this location-month; actual flood status is unknown.,Presence of a flood-report row in this public source for this named location and calendar month; not physical flood status.,calendar_month,,,,0,11,11,20261003,10.23708/8Y16HU
N-88f2b680193d6583,GY-299f61458afbc89b,"Phường Hiệp Bình Chánh, khu phố 4",Neighborhood,Phường Hiệp Bình,Phường Hiệp Bình,Thủ Đức,2007,12,0,pseudo_no_matching_record,No matching row was found in this source for this location-month; actual flood status is unknown.,Presence of a flood-report row in this public source for this named location and calendar month; not physical flood status.,calendar_month,,,,0,11,11,20261003,10.23708/8Y16HU
N-059b54eadb2a386c,GY-1188824bdc575ed1,Rạch Bến Nghé,Canal,District 4,,District 4,2008,1,0,pseudo_no_matching_record,No matching row was found in this source for this location-month; actual flood status is unknown.,Presence of a flood-report row in this public source for this named location and calendar month; not physical flood status.,calendar_month,,,,0,11,11,20261003,10.23708/8Y16HU
N-988053903af97833,GY-dde0e72a923c6668,Đường Nguyễn Hữu Hào,Street,"Phường Khánh Hội,","Phường Khánh Hội,",District 4,2008,2,0,pseudo_no_matching_record,No matching row was found in this source for this location-month; actual flood status is unknown.,Presence of a flood-report row in this public source for this named location and calendar month; not physical flood status.,calendar_month,,,,0,11,11,20261003,10.23708/8Y16HU
N-a8495ed13462796b,GY-53adf16dbc504058,Đường Ung Văn Khiêm,Street,Phường Thạnh Mỹ Tây,Phường Thạnh Mỹ Tây,Bình Thạnh,2008,2,0,pseudo_no_matching_record,No matching row was found in this source for this location-month; actual flood status is unknown.,Presence of a flood-report row in this public source for this named location and calendar month; not physical flood status.,calendar_month,,,,0,11,11,20261003,10.23708/8Y16HU
N-b48eed5cf7d4fd6b,GY-a024f8382b9e4b17,Kênh Tàu Hủ,Canal,District 8,,District 8,2008,3,0,pseudo_no_matching_record,No matching row was found in this source for this location-month; actual flood status is unknown.,Presence of a flood-report row in this public source for this named location and calendar month; not physical flood status.,calendar_month,,,,0,11,11,20261003,10.23708/8Y16HU
N-002254e9e8d8ca30,GY-0e25df148c206a5f,Đường Phú Mỹ,Street,Phường Thạnh Mỹ Tây,Phường Thạnh Mỹ Tây,Bình Thạnh,2008,3,0,pseudo_no_matching_record,No matching row was found in this source for this location-month; actual flood status is unknown.,Presence of a flood-report row in this public source for this named location and calendar month; not physical flood status.,calendar_month,,,,0,11,11,20261003,10.23708/8Y16HU
N-a35308f7cce7cc2d,GY-a8f76f046cfa0e08,Đường Thảo Điền,Street,Phường An Khánh,Phường An Khánh,District 2,2008,4,0,pseudo_no_matching_record,No matching row was found in this source for this location-month; actual flood status is unknown.,Presence of a flood-report row in this public source for this named location and calendar month; not physical flood status.,calendar_month,,,,0,11,11,20261003,10.23708/8Y16HU
N-0ec0b7215c2ac7cb,GY-dad5812e50dcf6a6,Đường Tôn Thất Thuyết,Street,Phường Vĩnh Hội,Phường Vĩnh Hội,District 4,2008,4,0,pseudo_no_matching_record,No matching row was found in this source for this location-month; actual flood status is unknown.,Presence of a flood-report row in this public source for this named location and calendar month; not physical flood status.,calendar_month,,,,0,11,11,20261003,10.23708/8Y16HU
N-e4a2d690fffa18d2,GY-4f5d3c4f0ef5ada1,Đường Bình Đông,Street,Phường Phú Định,Phường Phú Định,District 8,2008,5,0,pseudo_no_matching_record,No matching row was found in this source for this location-month; actual flood status is unknown.,Presence of a flood-report row in this public source for this named location and calendar month; not physical flood status.,calendar_month,,,,0,11,11,20261003,10.23708/8Y16HU
N-f8a7b21e7d6a898d,GY-0acbfd924ef01574,Kênh Nhiêu Lộc - Thị Nghè,Canal,Phường Sài Gòn,Phường Sài Gòn,Bình Thạnh,2008,5,0,pseudo_no_matching_record,No matching row was found in this source for this location-month; actual flood status is unknown.,Presence of a flood-report row in this public source for this named location and calendar month; not physical flood status.,calendar_month,,,,0,11,11,20261003,10.23708/8Y16HU
N-2f262bf9917eafa6,GY-6821eaf994164ac7,Đường Nguyễn Hữu Cảnh,Street,Phường Thạnh Mỹ Tây,Phường Thạnh Mỹ Tây,Bình Thạnh,2008,5,0,pseudo_no_matching_record,No matching row was found in this source for this location-month; actual flood status is unknown.,Presence of a flood-report row in this public source for this named location and calendar month; not physical flood status.,calendar_month,,,,0,11,11,20261003,10.23708/8Y16HU
N-d7de8e4ce8ea4603,GY-15e5689eb0b6187d,Đường Nguyễn Văn Luông,Street,Phường Bình Phú,Phường Bình Phú,District 6,2008,6,0,pseudo_no_matching_record,No matching row was found in this source for this location-month; actual flood status is unknown.,Presence of a flood-report row in this public source for this named location and calendar month; not physical flood status.,calendar_month,,,,0,11,11,20261003,10.23708/8Y16HU
N-836fb97f5b2cb395,GY-907e69516f0935dc,Kênh Hàng Bàng,Canal,Phường Bình Tiên,Phường Bình Tiên,District 6,2008,6,0,pseudo_no_matching_record,No matching row was found in this source for this location-month; actual flood status is unknown.,Presence of a flood-report row in this public source for this named location and calendar month; not physical flood status.,calendar_month,,,,0,11,11,20261003,10.23708/8Y16HU
N-2c7d6cc22213c331,GY-a0c0b4f6f80b9117,Khu Phố 4,Street,Phường Hiệp Bình,Phường Hiệp Bình,Thủ Đức,2008,6,0,pseudo_no_matching_record,No matching row was found in this source for this location-month; actual flood status is unknown.,Presence of a flood-report row in this public source for this named location and calendar month; not physical flood status.,calendar_month,,,,0,11,11,20261003,10.23708/8Y16HU
N-aadea2606a097e50,GY-c4d3c350e3130f27,Cầu vượt Hàng Xanh,Intersection,Phường Thạnh Mỹ Tây,Phường Thạnh Mỹ Tây,Bình Thạnh,2008,6,0,pseudo_no_matching_record,No matching row was found in this source for this location-month; actual flood status is unknown.,Presence of a flood-report row in this public source for this named location and calendar month; not physical flood status.,calendar_month,,,,0,11,11,20261003,10.23708/8Y16HU
N-b63f5406389450d2,GY-0c5971423ffdecb0,Kênh Tẻ,Canal,District 7,,District 7,2008,8,0,pseudo_no_matching_record,No matching row was found in this source for this location-month; actual flood status is unknown.,Presence of a flood-report row in this public source for this named location and calendar month; not physical flood status.,calendar_month,,,,0,11,11,20261003,10.23708/8Y16HU
N-740dcdd2cf47ef0f,GY-7333120946acf046,Cây Gõ,Intersection,Phường Bình Tây,Phường Bình Tây,District 11,2008,8,0,pseudo_no_matching_record,No matching row was found in this source for this location-month; actual flood status is unknown.,Presence of a flood-report row in this public source for this named location and calendar month; not physical flood status.,calendar_month,,,,0,11,11,20261003,10.23708/8Y16HU
N-9d3386e2a6a0e986,GY-1cbb33a9282e5a03,Đường Xô Viết Nghệ Tĩnh,Street,Phường Thạnh Mỹ Tây,Phường Thạnh Mỹ Tây,Bình Tân,2008,8,0,pseudo_no_matching_record,No matching row was found in this source for this location-month; actual flood status is unknown.,Presence of a flood-report row in this public source for this named location and calendar month; not physical flood status.,calendar_month,,,,0,11,11,20261003,10.23708/8Y16HU
N-2bd8b4d7782cf6fa,GY-0971c69d40113b8a,Kênh Đôi,Canal,District 8,,District 8,2008,9,0,pseudo_no_matching_record,No matching row was found in this source for this location-month; actual flood status is unknown.,Presence of a flood-report row in this public source for this named location and calendar month; not physical flood status.,calendar_month,,,,0,11,11,20261003,10.23708/8Y16HU
N-e794e2b3a26fb72f,GY-7f15ec0c5d50c591,Đường Xa Lộ Hà Nội,National Highway,Phường An Khánh,Phường An Khánh,District 2,2008,9,0,pseudo_no_matching_record,No matching row was found in this source for this location-month; actual flood status is unknown.,Presence of a flood-report row in this public source for this named location and calendar month; not physical flood status.,calendar_month,,,,0,11,11,20261003,10.23708/8Y16HU
N-701c2d7fff199a3f,GY-29612b01d2b06da8,Mũi tàu Đài Liệt sĩ,Historical monument,Phường Bình Thạnh,Phường Bình Thạnh,Bình Thạnh,2008,9,0,pseudo_no_matching_record,No matching row was found in this source for this location-month; actual flood status is unknown.,Presence of a flood-report row in this public source for this named location and calendar month; not physical flood status.,calendar_month,,,,0,11,11,20261003,10.23708/8Y16HU
N-166e85e2884ecaca,GY-fd99951a4dfc016f,Đường Kinh Dương Vương,Street,Phường An Lạc,Phường An Lạc,Bình Tân,2008,10,0,pseudo_no_matching_record,No matching row was found in this source for this location-month; actual flood status is unknown.,Presence of a flood-report row in this public source for this named location and calendar month; not physical flood status.,calendar_month,,,,0,11,11,20261003,10.23708/8Y16HU
N-1612a9cb1e303632,GY-8beb6bf276cf1436,Đường Phạm Thế Hiển,Street,Phường Bình Đông,Phường Bình Đông,District 8,2008,10,0,pseudo_no_matching_record,No matching row was found in this source for this location-month; actual flood status is unknown.,Presence of a flood-report row in this public source for this named location and calendar month; not physical flood status.,calendar_month,,,,0,11,11,20261003,10.23708/8Y16HU
N-83e924dc913c6da3,GY-af014b5f48ab2b40,Quốc Lộ 1,National Highway,Phường Bình Đông,Phường Bình Đông,Bình Chánh,2008,10,0,pseudo_no_matching_record,No matching row was found in this source for this location-month; actual flood status is unknown.,Presence of a flood-report row in this public source for this named location and calendar month; not physical flood status.,calendar_month,,,,0,11,11,20261003,10.23708/8Y16HU
P-340d927f723fe866,GY-a8f76f046cfa0e08,Đường Thảo Điền,Street,Phường An Khánh,Phường An Khánh,District 2,2008,11,1,documented_report,At least one source observation matches this location and month.,Presence of a flood-report row in this public source for this named location and calendar month; not physical flood status.,calendar_month,Obs_356,SRC_46,13/11/2008,1,,1,,10.23708/8Y16HU
P-6432b2762e3ce652,GY-7f15ec0c5d50c591,Đường Xa Lộ Hà Nội,National Highway,Phường An Khánh,Phường An Khánh,District 2,2008,11,1,documented_report,At least one source observation matches this location and month.,Presence of a flood-report row in this public source for this named location and calendar month; not physical flood status.,calendar_month,Obs_357,SRC_46,13/11/2008,1,,1,,10.23708/8Y16HU
P-1833c43361acf316,GY-fd99951a4dfc016f,Đường Kinh Dương Vương,Street,Phường An Lạc,Phường An Lạc,Bình Tân,2008,11,1,documented_report,At least one source observation matches this location and month.,Presence of a flood-report row in this public source for this named location and calendar month; not physical flood status.,calendar_month,Obs_363,SRC_46,13/11/2008,1,,1,,10.23708/8Y16HU
P-419e2f957ca0784f,GY-8beb6bf276cf1436,Đường Phạm Thế Hiển,Street,Phường Bình Đông,Phường Bình Đông,District 8,2008,11,1,documented_report,At least one source observation matches this location and month.,Presence of a flood-report row in this public source for this named location and calendar month; not physical flood status.,calendar_month,Obs_364,SRC_46,13/11/2008,1,,1,,10.23708/8Y16HU
P-e20d7e29901ce559,GY-af014b5f48ab2b40,Quốc Lộ 1,National Highway,Phường Bình Đông,Phường Bình Đông,Bình Chánh,2008,11,1,documented_report,At least one source observation matches this location and month.,Presence of a flood-report row in this public source for this named location and calendar month; not physical flood status.,calendar_month,Obs_360,SRC_46,13/11/2008,1,,1,,10.23708/8Y16HU
P-1a6e9d29b8e93caa,GY-15e5689eb0b6187d,Đường Nguyễn Văn Luông,Street,Phường Bình Phú,Phường Bình Phú,District 6,2008,11,1,documented_report,At least one source observation matches this location and month.,Presence of a flood-report row in this public source for this named location and calendar month; not physical flood status.,calendar_month,Obs_113|Obs_367,SRC_15|SRC_46,13/11/2008,2,,1,,10.23708/8Y16HU
P-a6ec2b77655c6965,GY-29612b01d2b06da8,Mũi tàu Đài Liệt sĩ,Historical monument,Phường Bình Thạnh,Phường Bình Thạnh,Bình Thạnh,2008,11,1,documented_report,At least one source observation matches this location and month.,Presence of a flood-report row in this public source for this named location and calendar month; not physical flood status.,calendar_month,Obs_359,SRC_46,13/11/2008,1,,1,,10.23708/8Y16HU
P-64597bcd65af27c5,GY-a0c0b4f6f80b9117,Khu Phố 4,Street,Phường Hiệp Bình,Phường Hiệp Bình,Thủ Đức,2008,11,1,documented_report,At least one source observation matches this location and month.,Presence of a flood-report row in this public source for this named location and calendar month; not physical flood status.,calendar_month,Obs_368,SRC_46,13/11/2008,1,,1,,10.23708/8Y16HU
P-779e0786fe85b654,GY-dde0e72a923c6668,Đường Nguyễn Hữu Hào,Street,"Phường Khánh Hội,","Phường Khánh Hội,",District 4,2008,11,1,documented_report,At least one source observation matches this location and month.,Presence of a flood-report row in this public source for this named location and calendar month; not physical flood status.,calendar_month,Obs_361,SRC_46,13/11/2008,1,,1,,10.23708/8Y16HU
P-bd00555feea2c2de,GY-4f5d3c4f0ef5ada1,Đường Bình Đông,Street,Phường Phú Định,Phường Phú Định,District 8,2008,11,1,documented_report,At least one source observation matches this location and month.,Presence of a flood-report row in this public source for this named location and calendar month; not physical flood status.,calendar_month,Obs_114,SRC_15,13/11/2008,1,,1,,10.23708/8Y16HU
P-02b5e1aa886a8b52,GY-6821eaf994164ac7,Đường Nguyễn Hữu Cảnh,Street,Phường Thạnh Mỹ Tây,Phường Thạnh Mỹ Tây,Bình Thạnh,2008,11,1,documented_report,At least one source observation matches this location and month.,Presence of a flood-report row in this public source for this named location and calendar month; not physical flood status.,calendar_month,Obs_366,SRC_46,13/11/2008,1,,1,,10.23708/8Y16HU
P-f30483f0f5a180f6,GY-0e25df148c206a5f,Đường Phú Mỹ,Street,Phường Thạnh Mỹ Tây,Phường Thạnh Mỹ Tây,Bình Thạnh,2008,11,1,documented_report,At least one source observation matches this location and month.,Presence of a flood-report row in this public source for this named location and calendar month; not physical flood status.,calendar_month,Obs_365,SRC_46,13/11/2008,1,,1,,10.23708/8Y16HU
P-afeb44b12cb55c6a,GY-53adf16dbc504058,Đường Ung Văn Khiêm,Street,Phường Thạnh Mỹ Tây,Phường Thạnh Mỹ Tây,Bình Thạnh,2008,11,1,documented_report,At least one source observation matches this location and month.,Presence of a flood-report row in this public source for this named location and calendar month; not physical flood status.,calendar_month,Obs_358,SRC_46,13/11/2008,1,,1,,10.23708/8Y16HU
P-b81c25f4a5ce6fed,GY-1cbb33a9282e5a03,Đường Xô Viết Nghệ Tĩnh,Street,Phường Thạnh Mỹ Tây,Phường Thạnh Mỹ Tây,Bình Tân,2008,11,1,documented_report,At least one source observation matches this location and month.,Presence of a flood-report row in this public source for this named location and calendar month; not physical flood status.,calendar_month,Obs_355,SRC_46,13/11/2008,1,,1,,10.23708/8Y16HU
P-fb3cdbfd275b13e4,GY-dad5812e50dcf6a6,Đường Tôn Thất Thuyết,Street,Phường Vĩnh Hội,Phường Vĩnh Hội,District 4,2008,11,1,documented_report,At least one source observation matches this location and month.,Presence of a flood-report row in this public source for this named location and calendar month; not physical flood status.,calendar_month,Obs_362,SRC_46,13/11/2008,1,,1,,10.23708/8Y16HU
P-343f7c3b63d5a1bb,GY-1188824bdc575ed1,Rạch Bến Nghé,Canal,District 4,,District 4,2008,12,1,documented_report,At least one source observation matches this location and month.,Presence of a flood-report row in this public source for this named location and calendar month; not physical flood status.,calendar_month,Obs_134,SRC_19,15/12/2008,1,,1,,10.23708/8Y16HU
P-58d6f152379b386c,GY-0c5971423ffdecb0,Kênh Tẻ,Canal,District 7,,District 7,2008,12,1,documented_report,At least one source observation matches this location and month.,Presence of a flood-report row in this public source for this named location and calendar month; not physical flood status.,calendar_month,Obs_136,SRC_19,15/12/2008,1,,1,,10.23708/8Y16HU
P-7254434e234c3c3c,GY-0971c69d40113b8a,Kênh Đôi,Canal,District 8,,District 8,2008,12,1,documented_report,At least one source observation matches this location and month.,Presence of a flood-report row in this public source for this named location and calendar month; not physical flood status.,calendar_month,Obs_135,SRC_19,15/12/2008,1,,1,,10.23708/8Y16HU
P-84ffdb528a01e39c,GY-a024f8382b9e4b17,Kênh Tàu Hủ,Canal,District 8,,District 8,2008,12,1,documented_report,At least one source observation matches this location and month.,Presence of a flood-report row in this public source for this named location and calendar month; not physical flood status.,calendar_month,Obs_133,SRC_19,15/12/2008,1,,1,,10.23708/8Y16HU
P-f9684c11b16dab6c,GY-7333120946acf046,Cây Gõ,Intersection,Phường Bình Tây,Phường Bình Tây,District 11,2008,12,1,documented_report,At least one source observation matches this location and month.,Presence of a flood-report row in this public source for this named location and calendar month; not physical flood status.,calendar_month,Obs_137,SRC_19,15/12/2008,1,,1,,10.23708/8Y16HU
P-d7b91c140d31f4d0,GY-907e69516f0935dc,Kênh Hàng Bàng,Canal,Phường Bình Tiên,Phường Bình Tiên,District 6,2008,12,1,documented_report,At least one source observation matches this location and month.,Presence of a flood-report row in this public source for this named location and calendar month; not physical flood status.,calendar_month,Obs_132,SRC_19,15/12/2008,1,,1,,10.23708/8Y16HU
P-e75136c6caedf5fe,GY-0acbfd924ef01574,Kênh Nhiêu Lộc - Thị Nghè,Canal,Phường Sài Gòn,Phường Sài Gòn,Bình Thạnh,2008,12,1,documented_report,At least one source observation matches this location and month.,Presence of a flood-report row in this public source for this named location and calendar month; not physical flood status.,calendar_month,Obs_131,SRC_19,15/12/2008,1,,1,,10.23708/8Y16HU
P-c7d57073cecce901,GY-c4d3c350e3130f27,Cầu vượt Hàng Xanh,Intersection,Phường Thạnh Mỹ Tây,Phường Thạnh Mỹ Tây,Bình Thạnh,2008,12,1,documented_report,At least one source observation matches this location and month.,Presence of a flood-report row in this public source for this named location and calendar month; not physical flood status.,calendar_month,Obs_148,SRC_20,15/12/2008,1,,1,,10.23708/8Y16HU
N-804df1a7f507e419,GY-8ca2c132325d8241,Đường Lê Lai,Street,Phường Bến Thành,Phường Bến Thành,District 1,2010,1,0,pseudo_no_matching_record,No matching row was found in this source for this location-month; actual flood status is unknown.,Presence of a flood-report row in this public source for this named location and calendar month; not physical flood status.,calendar_month,,,,0,11,11,20261003,10.23708/8Y16HU
N-4c56b0ade1da064a,GY-db693120815d1227,Đường Đinh Bộ Lĩn,Street,Phường Bình Thạnh,Phường Bình Thạnh,Bình Thạnh,2010,1,0,pseudo_no_matching_record,No matching row was found in this source for this location-month; actual flood status is unknown.,Presence of a flood-report row in this public source for this named location and calendar month; not physical flood status.,calendar_month,,,,0,11,11,20261003,10.23708/8Y16HU
N-5ad3069fa3f6c1f6,GY-066463da59bbf93b,Đường Nam Kỳ Khởi Nghĩa,Street,Đường Nam Kỳ Khởi Nghĩa,Đường Nam Kỳ Khởi Nghĩa,District 1,2010,2,0,pseudo_no_matching_record,No matching row was found in this source for this location-month; actual flood status is unknown.,Presence of a flood-report row in this public source for this named location and calendar month; not physical flood status.,calendar_month,,,,0,11,11,20261003,10.23708/8Y16HU
N-a6326d9cc9851bc4,GY-9108dea93ff682f7,Đường Lê Lợi,Street,Phường Sài Gòn,Phường Sài Gòn,District 1,2010,2,0,pseudo_no_matching_record,No matching row was found in this source for this location-month; actual flood status is unknown.,Presence of a flood-report row in this public source for this named location and calendar month; not physical flood status.,calendar_month,,,,0,11,11,20261003,10.23708/8Y16HU
N-44b182a6d9968ebd,GY-3b367045624daa59,Đường Trần Khánh Dư,Street,Phường Tân Định,Phường Tân Định,District 1,2010,2,0,pseudo_no_matching_record,No matching row was found in this source for this location-month; actual flood status is unknown.,Presence of a flood-report row in this public source for this named location and calendar month; not physical flood status.,calendar_month,,,,0,11,11,20261003,10.23708/8Y16HU
N-e66ed61d49623bf1,GY-f6bcfd09bbe4fc57,Đường Trần Đại Nghĩa,Street,Xã Tân Nhựt,Xã Tân Nhựt,Bình Chánh,2010,2,0,pseudo_no_matching_record,No matching row was found in this source for this location-month; actual flood status is unknown.,Presence of a flood-report row in this public source for this named location and calendar month; not physical flood status.,calendar_month,,,,0,11,11,20261003,10.23708/8Y16HU
N-25619d09c91ae5aa,GY-4eca31be08f1be3c,Đường Bạch Đằng,Street,Phường Gia Định,Phường Gia Định,Bình Thạnh,2010,3,0,pseudo_no_matching_record,No matching row was found in this source for this location-month; actual flood status is unknown.,Presence of a flood-report row in this public source for this named location and calendar month; not physical flood status.,calendar_month,,,,0,11,11,20261003,10.23708/8Y16HU
N-d0d53c785ee6b36c,GY-3ba729b7ad6eb82e,Đường Hòa Bình,Street,Phường Phú Thạnh,Phường Phú Thạnh,Tân Phú,2010,3,0,pseudo_no_matching_record,No matching row was found in this source for this location-month; actual flood status is unknown.,Presence of a flood-report row in this public source for this named location and calendar month; not physical flood status.,calendar_month,,,,0,11,11,20261003,10.23708/8Y16HU
N-5a074cdb6a1b9b7a,GY-22c66751e6bae6e3,Đường Tôn Thất Thiệp,Street,Phường Sài Gòn,Phường Sài Gòn,District 1,2010,3,0,pseudo_no_matching_record,No matching row was found in this source for this location-month; actual flood status is unknown.,Presence of a flood-report row in this public source for this named location and calendar month; not physical flood status.,calendar_month,,,,0,11,11,20261003,10.23708/8Y16HU
N-93498863c027b7a1,GY-c6eb0fca0071319a,Cau Cầu Sài Gòn,Street,Phường Thạnh Mỹ Tây,Phường Thạnh Mỹ Tây,Bình Thạnh,2010,4,0,pseudo_no_matching_record,No matching row was found in this source for this location-month; actual flood status is unknown.,Presence of a flood-report row in this public source for this named location and calendar month; not physical flood status.,calendar_month,,,,0,11,11,20261003,10.23708/8Y16HU
N-771f7708a73ba907,GY-4b2218c306bcb520,Đường Kha Vạn Cân,Street,Phường Linh Xuân,Phường Linh Xuân,Thủ Đức,2010,5,0,pseudo_no_matching_record,No matching row was found in this source for this location-month; actual flood status is unknown.,Presence of a flood-report row in this public source for this named location and calendar month; not physical flood status.,calendar_month,,,,0,11,11,20261003,10.23708/8Y16HU
N-cba6334ba27c239f,GY-b13ff3c5100da395,Đường Ngô Tất Tố,Street,Phường Thạnh Mỹ Tây,Phường Thạnh Mỹ Tây,Bình Thạnh,2010,5,0,pseudo_no_matching_record,No matching row was found in this source for this location-month; actual flood status is unknown.,Presence of a flood-report row in this public source for this named location and calendar month; not physical flood status.,calendar_month,,,,0,11,11,20261003,10.23708/8Y16HU
N-ecf4e35b042a581a,GY-6ab0e6f45e2017f3,Đường Châu Văn Liêm,Street,Phường Chợ Lớn,Phường Chợ Lớn,District 5,2010,6,0,pseudo_no_matching_record,No matching row was found in this source for this location-month; actual flood status is unknown.,Presence of a flood-report row in this public source for this named location and calendar month; not physical flood status.,calendar_month,,,,0,11,11,20261003,10.23708/8Y16HU
N-7ef960565f6c2812,GY-b3fe359727f91ef0,Đường An Dương Vương,Street,Phường Bình Phú,Phường Bình Phú,District 6,2010,7,0,pseudo_no_matching_record,No matching row was found in this source for this location-month; actual flood status is unknown.,Presence of a flood-report row in this public source for this named location and calendar month; not physical flood status.,calendar_month,,,,0,11,11,20261003,10.23708/8Y16HU
N-566cf48e0bad824d,GY-b85ea9226a0784b5,Đường Điện Biên Phủ,Street,Phường Gia Định,Phường Gia Định,Bình Thạnh,2010,8,0,pseudo_no_matching_record,No matching row was found in this source for this location-month; actual flood status is unknown.,Presence of a flood-report row in this public source for this named location and calendar month; not physical flood status.,calendar_month,,,,0,11,11,20261003,10.23708/8Y16HU
N-00117a20a87f56a9,GY-cb71d94f43ca0d53,Đường Nguyễn Hữu Cảnh,Street,Phường Thạnh Mỹ Tây,Phường Thạnh Mỹ Tây,Bình Thạnh,2010,8,0,pseudo_no_matching_record,No matching row was found in this source for this location-month; actual flood status is unknown.,Presence of a flood-report row in this public source for this named location and calendar month; not physical flood status.,calendar_month,,,,0,11,11,20261003,10.23708/8Y16HU
N-b7591f23796e65d2,GY-cd5bc75000a0f7b2,Đường Xô Viết Nghệ Tĩnh,Street,Phường Gia Định,Phường Gia Định,Bình Thạnh,2010,9,0,pseudo_no_matching_record,No matching row was found in this source for this location-month; actual flood status is unknown.,Presence of a flood-report row in this public source for this named location and calendar month; not physical flood status.,calendar_month,,,,0,11,11,20261003,10.23708/8Y16HU
N-27c0fc072e620c1c,GY-54db4e81ea73684b,Đường Huỳnh Tấn Phát,Street,Phường Phú Thuận,Phường Phú Thuận,District 7,2010,9,0,pseudo_no_matching_record,No matching row was found in this source for this location-month; actual flood status is unknown.,Presence of a flood-report row in this public source for this named location and calendar month; not physical flood status.,calendar_month,,,,0,11,11,20261003,10.23708/8Y16HU
N-7ef69034d66b8641,GY-65a52f0ec88f7626,Đường Tôn Thất Đạm,Street,Phường Sài Gòn,Phường Sài Gòn,District 1,2010,9,0,pseudo_no_matching_record,No matching row was found in this source for this location-month; actual flood status is unknown.,Presence of a flood-report row in this public source for this named location and calendar month; not physical flood status.,calendar_month,,,,0,11,11,20261003,10.23708/8Y16HU
N-c68c90372a4a984b,GY-5fdeed3b7576ef6c,Đường Ung Văn Khiêm,Street,Phường Thạnh Mỹ Tây,Phường Thạnh Mỹ Tây,Bình Thạnh,2010,9,0,pseudo_no_matching_record,No matching row was found in this source for this location-month; actual flood status is unknown.,Presence of a flood-report row in this public source for this named location and calendar month; not physical flood status.,calendar_month,,,,0,11,11,20261003,10.23708/8Y16HU
N-3d8d12c3fe2b7e49,GY-aac6059737bfac11,Hàng Xanh,Roundabout,Phường Gia Định,Phường Gia Định,Bình Thạnh,2010,10,0,pseudo_no_matching_record,No matching row was found in this source for this location-month; actual flood status is unknown.,Presence of a flood-report row in this public source for this named location and calendar month; not physical flood status.,calendar_month,,,,0,11,11,20261003,10.23708/8Y16HU
P-defc964f5e80d479,GY-066463da59bbf93b,Đường Nam Kỳ Khởi Nghĩa,Street,Đường Nam Kỳ Khởi Nghĩa,Đường Nam Kỳ Khởi Nghĩa,District 1,2010,11,1,documented_report,At least one source observation matches this location and month.,Presence of a flood-report row in this public source for this named location and calendar month; not physical flood status.,calendar_month,Obs_402,SRC_53,19/11/2010,1,,1,,10.23708/8Y16HU
P-bff01c38197fa3db,GY-8ca2c132325d8241,Đường Lê Lai,Street,Phường Bến Thành,Phường Bến Thành,District 1,2010,11,1,documented_report,At least one source observation matches this location and month.,Presence of a flood-report row in this public source for this named location and calendar month; not physical flood status.,calendar_month,Obs_400,SRC_53,19/11/2010,1,,1,,10.23708/8Y16HU
P-5d79c822d8b3587d,GY-b3fe359727f91ef0,Đường An Dương Vương,Street,Phường Bình Phú,Phường Bình Phú,District 6,2010,11,1,documented_report,At least one source observation matches this location and month.,Presence of a flood-report row in this public source for this named location and calendar month; not physical flood status.,calendar_month,Obs_418,SRC_53,19/11/2010,1,,1,,10.23708/8Y16HU
P-537c1007adff4e3c,GY-db693120815d1227,Đường Đinh Bộ Lĩn,Street,Phường Bình Thạnh,Phường Bình Thạnh,Bình Thạnh,2010,11,1,documented_report,At least one source observation matches this location and month.,Presence of a flood-report row in this public source for this named location and calendar month; not physical flood status.,calendar_month,Obs_421,SRC_53,19/11/2010,1,,1,,10.23708/8Y16HU
P-9f18490556b376a9,GY-6ab0e6f45e2017f3,Đường Châu Văn Liêm,Street,Phường Chợ Lớn,Phường Chợ Lớn,District 5,2010,11,1,documented_report,At least one source observation matches this location and month.,Presence of a flood-report row in this public source for this named location and calendar month; not physical flood status.,calendar_month,Obs_406|Obs_419,SRC_53,19/11/2010,2,,1,,10.23708/8Y16HU
P-e4939839ace3a69e,GY-0ce3908c4619190c,Đường Lê Hồng Phong,Street,Phường Chợ Quán,Phường Chợ Quán,District 5,2010,11,1,documented_report,At least one source observation matches this location and month.,Presence of a flood-report row in this public source for this named location and calendar month; not physical flood status.,calendar_month,Obs_405,SRC_53,19/11/2010,1,,1,,10.23708/8Y16HU
P-b718c73826aa75ca,GY-2e78421e75f3b00a,Đường Nguyễn Văn Cừ,Intersection,Phường Chợ Quán,Phường Chợ Quán,District 5,2010,11,1,documented_report,At least one source observation matches this location and month.,Presence of a flood-report row in this public source for this named location and calendar month; not physical flood status.,calendar_month,Obs_407,SRC_53,19/11/2010,1,,1,,10.23708/8Y16HU
P-defd1298f73affaa,GY-4eca31be08f1be3c,Đường Bạch Đằng,Street,Phường Gia Định,Phường Gia Định,Bình Thạnh,2010,11,1,documented_report,At least one source observation matches this location and month.,Presence of a flood-report row in this public source for this named location and calendar month; not physical flood status.,calendar_month,Obs_422,SRC_53,19/11/2010,1,,1,,10.23708/8Y16HU
P-ef4c9bec2acfd2b2,GY-b85ea9226a0784b5,Đường Điện Biên Phủ,Street,Phường Gia Định,Phường Gia Định,Bình Thạnh,2010,11,1,documented_report,At least one source observation matches this location and month.,Presence of a flood-report row in this public source for this named location and calendar month; not physical flood status.,calendar_month,Obs_424,SRC_53,19/11/2010,1,,1,,10.23708/8Y16HU
P-960d7fa2d8443d4e,GY-cd5bc75000a0f7b2,Đường Xô Viết Nghệ Tĩnh,Street,Phường Gia Định,Phường Gia Định,Bình Thạnh,2010,11,1,documented_report,At least one source observation matches this location and month.,Presence of a flood-report row in this public source for this named location and calendar month; not physical flood status.,calendar_month,Obs_412|Obs_423,SRC_53,19/11/2010,2,,1,,10.23708/8Y16HU
P-2079b978e18664a7,GY-aac6059737bfac11,Hàng Xanh,Roundabout,Phường Gia Định,Phường Gia Định,Bình Thạnh,2010,11,1,documented_report,At least one source observation matches this location and month.,Presence of a flood-report row in this public source for this named location and calendar month; not physical flood status.,calendar_month,Obs_410,SRC_53,19/11/2010,1,,1,,10.23708/8Y16HU
P-88625a0cbbc03656,GY-4b2218c306bcb520,Đường Kha Vạn Cân,Street,Phường Linh Xuân,Phường Linh Xuân,Thủ Đức,2010,11,1,documented_report,At least one source observation matches this location and month.,Presence of a flood-report row in this public source for this named location and calendar month; not physical flood status.,calendar_month,Obs_411,SRC_53,19/11/2010,1,,1,,10.23708/8Y16HU
P-9840e5a18eacb1dd,GY-3ba729b7ad6eb82e,Đường Hòa Bình,Street,Phường Phú Thạnh,Phường Phú Thạnh,Tân Phú,2010,11,1,documented_report,At least one source observation matches this location and month.,Presence of a flood-report row in this public source for this named location and calendar month; not physical flood status.,calendar_month,Obs_409,SRC_53,19/11/2010,1,,1,,10.23708/8Y16HU
P-d1e67d6f3b7853ca,GY-54db4e81ea73684b,Đường Huỳnh Tấn Phát,Street,Phường Phú Thuận,Phường Phú Thuận,District 7,2010,11,1,documented_report,At least one source observation matches this location and month.,Presence of a flood-report row in this public source for this named location and calendar month; not physical flood status.,calendar_month,Obs_408,SRC_53,19/11/2010,1,,1,,10.23708/8Y16HU
P-ebb6ce67e6db008f,GY-9108dea93ff682f7,Đường Lê Lợi,Street,Phường Sài Gòn,Phường Sài Gòn,District 1,2010,11,1,documented_report,At least one source observation matches this location and month.,Presence of a flood-report row in this public source for this named location and calendar month; not physical flood status.,calendar_month,Obs_401,SRC_53,19/11/2010,1,,1,,10.23708/8Y16HU
P-f9b7387ca3a4e722,GY-65a52f0ec88f7626,Đường Tôn Thất Đạm,Street,Phường Sài Gòn,Phường Sài Gòn,District 1,2010,11,1,documented_report,At least one source observation matches this location and month.,Presence of a flood-report row in this public source for this named location and calendar month; not physical flood status.,calendar_month,Obs_404,SRC_53,19/11/2010,1,,1,,10.23708/8Y16HU
P-26089efdc6bb3a61,GY-22c66751e6bae6e3,Đường Tôn Thất Thiệp,Street,Phường Sài Gòn,Phường Sài Gòn,District 1,2010,11,1,documented_report,At least one source observation matches this location and month.,Presence of a flood-report row in this public source for this named location and calendar month; not physical flood status.,calendar_month,Obs_403,SRC_53,19/11/2010,1,,1,,10.23708/8Y16HU
P-8911944ab38139fb,GY-3b367045624daa59,Đường Trần Khánh Dư,Street,Phường Tân Định,Phường Tân Định,District 1,2010,11,1,documented_report,At least one source observation matches this location and month.,Presence of a flood-report row in this public source for this named location and calendar month; not physical flood status.,calendar_month,Obs_416,SRC_53,19/11/2010,1,,1,,10.23708/8Y16HU
P-1ceab8fd5be19542,GY-a5a4dc881ad91771,Đường Võ Thị Sáu - Dinh Tien Hoang,Street,Phường Tân Định,Phường Tân Định,District 1,2010,11,1,documented_report,At least one source observation matches this location and month.,Presence of a flood-report row in this public source for this named location and calendar month; not physical flood status.,calendar_month,Obs_425,SRC_53,19/11/2010,1,,1,,10.23708/8Y16HU
P-cf4a13f63cf021db,GY-c6eb0fca0071319a,Cau Cầu Sài Gòn,Street,Phường Thạnh Mỹ Tây,Phường Thạnh Mỹ Tây,Bình Thạnh,2010,11,1,documented_report,At least one source observation matches this location and month.,Presence of a flood-report row in this public source for this named location and calendar month; not physical flood status.,calendar_month,Obs_417,SRC_53,19/11/2010,1,,1,,10.23708/8Y16HU
P-51166ec640ddd52f,GY-b13ff3c5100da395,Đường Ngô Tất Tố,Street,Phường Thạnh Mỹ Tây,Phường Thạnh Mỹ Tây,Bình Thạnh,2010,11,1,documented_report,At least one source observation matches this location and month.,Presence of a flood-report row in this public source for this named location and calendar month; not physical flood status.,calendar_month,Obs_415,SRC_53,19/11/2010,1,,1,,10.23708/8Y16HU
P-eab4db18dc6d92a8,GY-cb71d94f43ca0d53,Đường Nguyễn Hữu Cảnh,Street,Phường Thạnh Mỹ Tây,Phường Thạnh Mỹ Tây,Bình Thạnh,2010,11,1,documented_report,At least one source observation matches this location and month.,Presence of a flood-report row in this public source for this named location and calendar month; not physical flood status.,calendar_month,Obs_414,SRC_53,19/11/2010,1,,1,,10.23708/8Y16HU
P-38f7da338f545460,GY-5fdeed3b7576ef6c,Đường Ung Văn Khiêm,Street,Phường Thạnh Mỹ Tây,Phường Thạnh Mỹ Tây,Bình Thạnh,2010,11,1,documented_report,At least one source observation matches this location and month.,Presence of a flood-report row in this public source for this named location and calendar month; not physical flood status.,calendar_month,Obs_413,SRC_53,19/11/2010,1,,1,,10.23708/8Y16HU
P-21aeca656d947175,GY-f6bcfd09bbe4fc57,Đường Trần Đại Nghĩa,Street,Xã Tân Nhựt,Xã Tân Nhựt,Bình Chánh,2010,11,1,documented_report,At least one source observation matches this location and month.,Presence of a flood-report row in this public source for this named location and calendar month; not physical flood status.,calendar_month,Obs_420,SRC_53,19/11/2010,1,,1,,10.23708/8Y16HU
N-851178ceb8a64f1d,GY-0ce3908c4619190c,Đường Lê Hồng Phong,Street,Phường Chợ Quán,Phường Chợ Quán,District 5,2010,12,0,pseudo_no_matching_record,No matching row was found in this source for this location-month; actual flood status is unknown.,Presence of a flood-report row in this public source for this named location and calendar month; not physical flood status.,calendar_month,,,,0,11,11,20261003,10.23708/8Y16HU
N-1377ffa3bc57491f,GY-2e78421e75f3b00a,Đường Nguyễn Văn Cừ,Intersection,Phường Chợ Quán,Phường Chợ Quán,District 5,2010,12,0,pseudo_no_matching_record,No matching row was found in this source for this location-month; actual flood status is unknown.,Presence of a flood-report row in this public source for this named location and calendar month; not physical flood status.,calendar_month,,,,0,11,11,20261003,10.23708/8Y16HU
N-89e8a98b188a503c,GY-a5a4dc881ad91771,Đường Võ Thị Sáu - Dinh Tien Hoang,Street,Phường Tân Định,Phường Tân Định,District 1,2010,12,0,pseudo_no_matching_record,No matching row was found in this source for this location-month; actual flood status is unknown.,Presence of a flood-report row in this public source for this named location and calendar month; not physical flood status.,calendar_month,,,,0,11,11,20261003,10.23708/8Y16HU
N-4789ecf371500514,GY-1b7c42cfeaab4cd4,Đường Phạm Thế Hiển,Street,Phường Chánh Hưng,Phường Chánh Hưng,District 8,2011,1,0,pseudo_no_matching_record,No matching row was found in this source for this location-month; actual flood status is unknown.,Presence of a flood-report row in this public source for this named location and calendar month; not physical flood status.,calendar_month,,,,0,11,11,20261003,10.23708/8Y16HU
N-5e95ccdf81ee9a5e,GY-322307d2c53d7c31,Đường Lý Phục Man,Street,Phường Tân Thuận,Phường Tân Thuận,District 7,2011,1,0,pseudo_no_matching_record,No matching row was found in this source for this location-month; actual flood status is unknown.,Presence of a flood-report row in this public source for this named location and calendar month; not physical flood status.,calendar_month,,,,0,11,11,20261003,10.23708/8Y16HU
N-f762298825555732,GY-457064ae354f49b5,Đường Lương Định Của,Street,Phường An Khánh,Phường An Khánh,District 2,2011,2,0,pseudo_no_matching_record,No matching row was found in this source for this location-month; actual flood status is unknown.,Presence of a flood-report row in this public source for this named location and calendar month; not physical flood status.,calendar_month,,,,0,10,5,20261003,10.23708/8Y16HU
N-84354e990d5720c6,GY-f1d59f9d5c67489c,Đường Phan Đình Phùn,Street,Phường Cầu Kiệu,Phường Cầu Kiệu,Phú Nhuận,2011,2,0,pseudo_no_matching_record,No matching row was found in this source for this location-month; actual flood status is unknown.,Presence of a flood-report row in this public source for this named location and calendar month; not physical flood status.,calendar_month,,,,0,11,11,20261003,10.23708/8Y16HU
N-bc1f79eae7b461db,GY-33b291323ea022ee,Đường Xô Viết Nghệ,Street,Phường Thạnh Mỹ Tây,Phường Thạnh Mỹ Tây,Bình Thạnh,2011,3,0,pseudo_no_matching_record,No matching row was found in this source for this location-month; actual flood status is unknown.,Presence of a flood-report row in this public source for this named location and calendar month; not physical flood status.,calendar_month,,,,0,11,11,20261003,10.23708/8Y16HU
N-dfb1132b6882fbb1,GY-457064ae354f49b5,Đường Lương Định Của,Street,Phường An Khánh,Phường An Khánh,District 2,2011,4,0,pseudo_no_matching_record,No matching row was found in this source for this location-month; actual flood status is unknown.,Presence of a flood-report row in this public source for this named location and calendar month; not physical flood status.,calendar_month,,,,0,10,5,20261003,10.23708/8Y16HU
N-c08ec8c17c0fa029,GY-df8aa6930ca1567a,Đường Phú Mỹ,Street,Phường Thạnh Mỹ Tây,Phường Thạnh Mỹ Tây,Bình Thạnh,2011,4,0,pseudo_no_matching_record,No matching row was found in this source for this location-month; actual flood status is unknown.,Presence of a flood-report row in this public source for this named location and calendar month; not physical flood status.,calendar_month,,,,0,11,11,20261003,10.23708/8Y16HU
N-d74d34c1398cd13c,GY-a9c237425b4ee115,Đường Huỳnh Tấn Phá,Street,Xã Nhà Bè,Xã Nhà Bè,Nhà Bè,2011,5,0,pseudo_no_matching_record,No matching row was found in this source for this location-month; actual flood status is unknown.,Presence of a flood-report row in this public source for this named location and calendar month; not physical flood status.,calendar_month,,,,0,11,11,20261003,10.23708/8Y16HU
N-2d270ee2415e34cf,GY-f5a60db3461c8af9,Đường Bùi Hữu Nghĩa,Street,Phường Gia Định,Phường Gia Định,Bình Thạnh,2011,6,0,pseudo_no_matching_record,No matching row was found in this source for this location-month; actual flood status is unknown.,Presence of a flood-report row in this public source for this named location and calendar month; not physical flood status.,calendar_month,,,,0,10,5,20261003,10.23708/8Y16HU
N-7380bd91b6ca8214,GY-820d19d6b1098e22,Đường Quốc Hương,Street,Phường An Khánh,Phường An Khánh,District 2,2011,7,0,pseudo_no_matching_record,No matching row was found in this source for this location-month; actual flood status is unknown.,Presence of a flood-report row in this public source for this named location and calendar month; not physical flood status.,calendar_month,,,,0,11,11,20261003,10.23708/8Y16HU
N-6f285acf27805f53,GY-84db62790153c648,Đường Phú Định,Street,Phường Phú Định,Phường Phú Định,District 8,2011,7,0,pseudo_no_matching_record,No matching row was found in this source for this location-month; actual flood status is unknown.,Presence of a flood-report row in this public source for this named location and calendar month; not physical flood status.,calendar_month,,,,0,11,11,20261003,10.23708/8Y16HU
N-8a781264d90f03f2,GY-ccf8ad7e60b92d5a,Đường Nguyễn Thị Thập,Street,Phường Tân Hưng,Phường Tân Hưng,District 7,2011,7,0,pseudo_no_matching_record,No matching row was found in this source for this location-month; actual flood status is unknown.,Presence of a flood-report row in this public source for this named location and calendar month; not physical flood status.,calendar_month,,,,0,10,5,20261003,10.23708/8Y16HU
N-3f248aa480dd6e9c,GY-0d745bcf64bc9718,Đường Trần Xuân Soạn,Street,Phường Tân Hưng,Phường Tân Hưng,District 7,2011,7,0,pseudo_no_matching_record,No matching row was found in this source for this location-month; actual flood status is unknown.,Presence of a flood-report row in this public source for this named location and calendar month; not physical flood status.,calendar_month,,,,0,11,11,20261003,10.23708/8Y16HU
N-613ec6e76570b364,GY-ea42a96baf15d6b5,Đường Lò Gốm,Street,Phường Bình Tiên,Phường Bình Tiên,District 6,2011,8,0,pseudo_no_matching_record,No matching row was found in this source for this location-month; actual flood status is unknown.,Presence of a flood-report row in this public source for this named location and calendar month; not physical flood status.,calendar_month,,,,0,11,11,20261003,10.23708/8Y16HU
N-b46a2ecba1c2b370,GY-668100bbf5da2134,Đường Hồ Học Lãm,Street,Phường Phú Định,Phường Phú Định,District 8,2011,8,0,pseudo_no_matching_record,No matching row was found in this source for this location-month; actual flood status is unknown.,Presence of a flood-report row in this public source for this named location and calendar month; not physical flood status.,calendar_month,,,,0,11,11,20261003,10.23708/8Y16HU
N-c23b6c0d34ad8720,GY-ccf8ad7e60b92d5a,Đường Nguyễn Thị Thập,Street,Phường Tân Hưng,Phường Tân Hưng,District 7,2011,8,0,pseudo_no_matching_record,No matching row was found in this source for this location-month; actual flood status is unknown.,Presence of a flood-report row in this public source for this named location and calendar month; not physical flood status.,calendar_month,,,,0,10,5,20261003,10.23708/8Y16HU
N-1e9f202ca88aec19,GY-a6876cebc902726f,Đường Ngô Tất Tố,Street,Phường Thạnh Mỹ Tây,Phường Thạnh Mỹ Tây,Bình Thạnh,2011,8,0,pseudo_no_matching_record,No matching row was found in this source for this location-month; actual flood status is unknown.,Presence of a flood-report row in this public source for this named location and calendar month; not physical flood status.,calendar_month,,,,0,11,11,20261003,10.23708/8Y16HU
N-003129b79da085df,GY-f5a60db3461c8af9,Đường Bùi Hữu Nghĩa,Street,Phường Gia Định,Phường Gia Định,Bình Thạnh,2011,9,0,pseudo_no_matching_record,No matching row was found in this source for this location-month; actual flood status is unknown.,Presence of a flood-report row in this public source for this named location and calendar month; not physical flood status.,calendar_month,,,,0,10,5,20261003,10.23708/8Y16HU
P-4a89e501cb9ee4f2,GY-0f58b98531231d2c,Đường Số 7,Street,Phường Hiệp Bình,Phường Hiệp Bình,Thủ Đức,2011,9,1,documented_report,At least one source observation matches this location and month.,Presence of a flood-report row in this public source for this named location and calendar month; not physical flood status.,calendar_month,Obs_244,SRC_31,28/09/2011,1,,1,,10.23708/8Y16HU
N-bb27cdf303584b45,GY-08873a8afdcd1e93,Đường Huỳnh Tấn Phát,Street,Phường Tân Mỹ,Phường Tân Mỹ,District 7,2011,9,0,pseudo_no_matching_record,No matching row was found in this source for this location-month; actual flood status is unknown.,Presence of a flood-report row in this public source for this named location and calendar month; not physical flood status.,calendar_month,,,,0,11,11,20261003,10.23708/8Y16HU
N-e48fc06de3dd8b5d,GY-e7b0b6e5f9d10c29,Đường Lê Văn Lương,Street,Xã Hiệp Phước,Xã Hiệp Phước,Nhà Bè,2011,9,0,pseudo_no_matching_record,No matching row was found in this source for this location-month; actual flood status is unknown.,Presence of a flood-report row in this public source for this named location and calendar month; not physical flood status.,calendar_month,,,,0,11,11,20261003,10.23708/8Y16HU
P-6aff309278e5bdd7,GY-457064ae354f49b5,Đường Lương Định Của,Street,Phường An Khánh,Phường An Khánh,District 2,2011,10,1,documented_report,At least one source observation matches this location and month.,Presence of a flood-report row in this public source for this named location and calendar month; not physical flood status.,calendar_month,Obs_103,SRC_14,27/10/2011,1,,1,,10.23708/8Y16HU
P-6a6cbefc7d20929f,GY-820d19d6b1098e22,Đường Quốc Hương,Street,Phường An Khánh,Phường An Khánh,District 2,2011,10,1,documented_report,At least one source observation matches this location and month.,Presence of a flood-report row in this public source for this named location and calendar month; not physical flood status.,calendar_month,Obs_104,SRC_14,27/10/2011,1,,1,,10.23708/8Y16HU
P-9b76211f76990029,GY-ea42a96baf15d6b5,Đường Lò Gốm,Street,Phường Bình Tiên,Phường Bình Tiên,District 6,2011,10,1,documented_report,At least one source observation matches this location and month.,Presence of a flood-report row in this public source for this named location and calendar month; not physical flood status.,calendar_month,Obs_106,SRC_14,27/10/2011,1,,1,,10.23708/8Y16HU
P-efbebe91fde1bd57,GY-f5a60db3461c8af9,Đường Bùi Hữu Nghĩa,Street,Phường Gia Định,Phường Gia Định,Bình Thạnh,2011,10,1,documented_report,At least one source observation matches this location and month.,Presence of a flood-report row in this public source for this named location and calendar month; not physical flood status.,calendar_month,Obs_101,SRC_14,27/10/2011,1,,1,,10.23708/8Y16HU
N-3ab3b6fd82d80988,GY-eea378a05e87fefb,Đường Bến Bình Đông,Street,Phường Phú Định,Phường Phú Định,District 8,2011,10,0,pseudo_no_matching_record,No matching row was found in this source for this location-month; actual flood status is unknown.,Presence of a flood-report row in this public source for this named location and calendar month; not physical flood status.,calendar_month,,,,0,11,11,20261003,10.23708/8Y16HU
P-6efe54ae7c964d58,GY-668100bbf5da2134,Đường Hồ Học Lãm,Street,Phường Phú Định,Phường Phú Định,District 8,2011,10,1,documented_report,At least one source observation matches this location and month.,Presence of a flood-report row in this public source for this named location and calendar month; not physical flood status.,calendar_month,Obs_107,SRC_14,27/10/2011,1,,1,,10.23708/8Y16HU
P-259aeb203fb84a38,GY-84db62790153c648,Đường Phú Định,Street,Phường Phú Định,Phường Phú Định,District 8,2011,10,1,documented_report,At least one source observation matches this location and month.,Presence of a flood-report row in this public source for this named location and calendar month; not physical flood status.,calendar_month,Obs_105,SRC_14,27/10/2011,1,,1,,10.23708/8Y16HU
P-04e67264191802e4,GY-e4d09fa5b50b0886,Đinh Tiên Hoàng,Street,Phường Tân Định,Phường Tân Định,District 1,2011,10,1,documented_report,At least one source observation matches this location and month.,Presence of a flood-report row in this public source for this named location and calendar month; not physical flood status.,calendar_month,Obs_102,SRC_14,27/10/2011,1,,1,,10.23708/8Y16HU
P-0392e4aeb0d83fd0,GY-ccf8ad7e60b92d5a,Đường Nguyễn Thị Thập,Street,Phường Tân Hưng,Phường Tân Hưng,District 7,2011,10,1,documented_report,At least one source observation matches this location and month.,Presence of a flood-report row in this public source for this named location and calendar month; not physical flood status.,calendar_month,Obs_110,SRC_14,27/10/2011,1,,1,,10.23708/8Y16HU
P-114e0e8793c400f1,GY-2efcc0718b7e911f,Đường Số 10,Street,Phường Tân Hưng,Phường Tân Hưng,District 7,2011,10,1,documented_report,At least one source observation matches this location and month.,Presence of a flood-report row in this public source for this named location and calendar month; not physical flood status.,calendar_month,Obs_112,SRC_14,27/10/2011,1,,1,,10.23708/8Y16HU
P-1f06c713d69247e1,GY-0d745bcf64bc9718,Đường Trần Xuân Soạn,Street,Phường Tân Hưng,Phường Tân Hưng,District 7,2011,10,1,documented_report,At least one source observation matches this location and month.,Presence of a flood-report row in this public source for this named location and calendar month; not physical flood status.,calendar_month,Obs_111,SRC_14,27/10/2011,1,,1,,10.23708/8Y16HU
P-57d6ea81ac349e95,GY-08873a8afdcd1e93,Đường Huỳnh Tấn Phát,Street,Phường Tân Mỹ,Phường Tân Mỹ,District 7,2011,10,1,documented_report,At least one source observation matches this location and month.,Presence of a flood-report row in this public source for this named location and calendar month; not physical flood status.,calendar_month,Obs_109,SRC_14,27/10/2011,1,,1,,10.23708/8Y16HU
P-94478ba5b100b9fe,GY-322307d2c53d7c31,Đường Lý Phục Man,Street,Phường Tân Thuận,Phường Tân Thuận,District 7,2011,10,1,documented_report,At least one source observation matches this location and month.,Presence of a flood-report row in this public source for this named location and calendar month; not physical flood status.,calendar_month,Obs_108,SRC_14,27/10/2011,1,,1,,10.23708/8Y16HU
N-dd79b2e3141d2610,GY-5b57a7578baaf95c,Đường Ngô Tất Tố,Street,Phường Thanh My Tay,Phường Thanh My Tay,Bình Thạnh,2011,10,0,pseudo_no_matching_record,No matching row was found in this source for this location-month; actual flood status is unknown.,Presence of a flood-report row in this public source for this named location and calendar month; not physical flood status.,calendar_month,,,,0,11,11,20261003,10.23708/8Y16HU
P-487bd00a26f0390b,GY-a6876cebc902726f,Đường Ngô Tất Tố,Street,Phường Thạnh Mỹ Tây,Phường Thạnh Mỹ Tây,Bình Thạnh,2011,10,1,documented_report,At least one source observation matches this location and month.,Presence of a flood-report row in this public source for this named location and calendar month; not physical flood status.,calendar_month,Obs_99,SRC_14,27/10/2011,1,,1,,10.23708/8Y16HU
P-203c3b20836ff203,GY-f29ae14b4dd008a9,Đường Nguyễn Hữu Cảnh,Street,Phường Thạnh Mỹ Tây,Phường Thạnh Mỹ Tây,Bình Thạnh,2011,10,1,documented_report,At least one source observation matches this location and month.,Presence of a flood-report row in this public source for this named location and calendar month; not physical flood status.,calendar_month,Obs_100,SRC_14,27/10/2011,1,,1,,10.23708/8Y16HU
P-eab1ba09ce131e31,GY-33b291323ea022ee,Đường Xô Viết Nghệ,Street,Phường Thạnh Mỹ Tây,Phường Thạnh Mỹ Tây,Bình Thạnh,2011,10,1,documented_report,At least one source observation matches this location and month.,Presence of a flood-report row in this public source for this named location and calendar month; not physical flood status.,calendar_month,Obs_98,SRC_14,27/10/2011,1,,1,,10.23708/8Y16HU
P-24e9d0cb8d6cec97,GY-457064ae354f49b5,Đường Lương Định Của,Street,Phường An Khánh,Phường An Khánh,District 2,2011,11,1,documented_report,At least one source observation matches this location and month.,Presence of a flood-report row in this public source for this named location and calendar month; not physical flood status.,calendar_month,Obs_76,SRC_12,26/11/2011,1,,1,,10.23708/8Y16HU
P-11b2d293d47177f8,GY-f1d59f9d5c67489c,Đường Phan Đình Phùn,Street,Phường Cầu Kiệu,Phường Cầu Kiệu,Phú Nhuận,2011,11,1,documented_report,At least one source observation matches this location and month.,Presence of a flood-report row in this public source for this named location and calendar month; not physical flood status.,calendar_month,Obs_85,SRC_12,26/11/2011,1,,1,,10.23708/8Y16HU
P-9c057951f0dbc8cd,GY-1b7c42cfeaab4cd4,Đường Phạm Thế Hiển,Street,Phường Chánh Hưng,Phường Chánh Hưng,District 8,2011,11,1,documented_report,At least one source observation matches this location and month.,Presence of a flood-report row in this public source for this named location and calendar month; not physical flood status.,calendar_month,Obs_84,SRC_12,26/11/2011,1,,1,,10.23708/8Y16HU
P-9e7d53d1790f7e83,GY-f5a60db3461c8af9,Đường Bùi Hữu Nghĩa,Street,Phường Gia Định,Phường Gia Định,Bình Thạnh,2011,11,1,documented_report,At least one source observation matches this location and month.,Presence of a flood-report row in this public source for this named location and calendar month; not physical flood status.,calendar_month,Obs_81,SRC_12,26/11/2011,1,,1,,10.23708/8Y16HU
N-d649d47d0dca6663,GY-0f58b98531231d2c,Đường Số 7,Street,Phường Hiệp Bình,Phường Hiệp Bình,Thủ Đức,2011,11,0,pseudo_no_matching_record,No matching row was found in this source for this location-month; actual flood status is unknown.,Presence of a flood-report row in this public source for this named location and calendar month; not physical flood status.,calendar_month,,,,0,11,11,20261003,10.23708/8Y16HU
P-6fe2c788ce2851c1,GY-eea378a05e87fefb,Đường Bến Bình Đông,Street,Phường Phú Định,Phường Phú Định,District 8,2011,11,1,documented_report,At least one source observation matches this location and month.,Presence of a flood-report row in this public source for this named location and calendar month; not physical flood status.,calendar_month,Obs_83,SRC_12,26/11/2011,1,,1,,10.23708/8Y16HU
P-a6604b5c26fd1c90,GY-ccf8ad7e60b92d5a,Đường Nguyễn Thị Thập,Street,Phường Tân Hưng,Phường Tân Hưng,District 7,2011,11,1,documented_report,At least one source observation matches this location and month.,Presence of a flood-report row in this public source for this named location and calendar month; not physical flood status.,calendar_month,Obs_79,SRC_12,26/11/2011,1,,1,,10.23708/8Y16HU
P-d113e6b25ba054ca,GY-5b57a7578baaf95c,Đường Ngô Tất Tố,Street,Phường Thanh My Tay,Phường Thanh My Tay,Bình Thạnh,2011,11,1,documented_report,At least one source observation matches this location and month.,Presence of a flood-report row in this public source for this named location and calendar month; not physical flood status.,calendar_month,Obs_77,SRC_12,26/11/2011,1,,1,,10.23708/8Y16HU
N-54f1985094e5eb4c,GY-f29ae14b4dd008a9,Đường Nguyễn Hữu Cảnh,Street,Phường Thạnh Mỹ Tây,Phường Thạnh Mỹ Tây,Bình Thạnh,2011,11,0,pseudo_no_matching_record,No matching row was found in this source for this location-month; actual flood status is unknown.,Presence of a flood-report row in this public source for this named location and calendar month; not physical flood status.,calendar_month,,,,0,11,11,20261003,10.23708/8Y16HU
P-0c0440ef08f4dfff,GY-df8aa6930ca1567a,Đường Phú Mỹ,Street,Phường Thạnh Mỹ Tây,Phường Thạnh Mỹ Tây,Bình Thạnh,2011,11,1,documented_report,At least one source observation matches this location and month.,Presence of a flood-report row in this public source for this named location and calendar month; not physical flood status.,calendar_month,Obs_82,SRC_12,26/11/2011,1,,1,,10.23708/8Y16HU
P-f98920d7e7f711b7,GY-e7b0b6e5f9d10c29,Đường Lê Văn Lương,Street,Xã Hiệp Phước,Xã Hiệp Phước,Nhà Bè,2011,11,1,documented_report,At least one source observation matches this location and month.,Presence of a flood-report row in this public source for this named location and calendar month; not physical flood status.,calendar_month,Obs_80,SRC_12,26/11/2011,1,,1,,10.23708/8Y16HU
P-f006f81c4f133bef,GY-a9c237425b4ee115,Đường Huỳnh Tấn Phá,Street,Xã Nhà Bè,Xã Nhà Bè,Nhà Bè,2011,11,1,documented_report,At least one source observation matches this location and month.,Presence of a flood-report row in this public source for this named location and calendar month; not physical flood status.,calendar_month,Obs_78,SRC_12,26/11/2011,1,,1,,10.23708/8Y16HU
N-5c3b846309d7c0b4,GY-e4d09fa5b50b0886,Đinh Tiên Hoàng,Street,Phường Tân Định,Phường Tân Định,District 1,2011,12,0,pseudo_no_matching_record,No matching row was found in this source for this location-month; actual flood status is unknown.,Presence of a flood-report row in this public source for this named location and calendar month; not physical flood status.,calendar_month,,,,0,11,11,20261003,10.23708/8Y16HU
N-3706a0d54bb84593,GY-2efcc0718b7e911f,Đường Số 10,Street,Phường Tân Hưng,Phường Tân Hưng,District 7,2011,12,0,pseudo_no_matching_record,No matching row was found in this source for this location-month; actual flood status is unknown.,Presence of a flood-report row in this public source for this named location and calendar month; not physical flood status.,calendar_month,,,,0,11,11,20261003,10.23708/8Y16HU
N-90cc7f5372396129,GY-ddf783bcbdc10a8c,Tạ Quang Bửu,Residential area,Phường Chánh Hưng,Phường Chánh Hưng,District 8,2012,1,0,pseudo_no_matching_record,No matching row was found in this source for this location-month; actual flood status is unknown.,Presence of a flood-report row in this public source for this named location and calendar month; not physical flood status.,calendar_month,,,,0,11,11,20261003,10.23708/8Y16HU
N-f71a88aa3327e730,GY-e85146c4fda1a095,Kha Vạn Cân,Residential area,Phường Hiệp Bình,Phường Hiệp Bình,Thủ Đức,2012,1,0,pseudo_no_matching_record,No matching row was found in this source for this location-month; actual flood status is unknown.,Presence of a flood-report row in this public source for this named location and calendar month; not physical flood status.,calendar_month,,,,0,11,11,20261003,10.23708/8Y16HU
N-e0ffcc9b63f8eaf3,GY-5a620f2cba681df8,Đại lộ Võ Văn Kiệt,Residential area,Phường An Lạc,Phường An Lạc,Bình Tân,2012,2,0,pseudo_no_matching_record,No matching row was found in this source for this location-month; actual flood status is unknown.,Presence of a flood-report row in this public source for this named location and calendar month; not physical flood status.,calendar_month,,,,0,11,11,20261003,10.23708/8Y16HU
N-069e420567e17aa9,GY-d81c2a71383a30e6,Đường Dương Tử Giang,Street,Phường Chợ Lớn,Phường Chợ Lớn,District 5,2012,2,0,pseudo_no_matching_record,No matching row was found in this source for this location-month; actual flood status is unknown.,Presence of a flood-report row in this public source for this named location and calendar month; not physical flood status.,calendar_month,,,,0,11,11,20261003,10.23708/8Y16HU
N-d9a98142b2fdd629,GY-a2c43899aff01591,Lái Thiêu,Ward,Phường Lái Thiêu,Phường Lái Thiêu,,2012,2,0,pseudo_no_matching_record,No matching row was found in this source for this location-month; actual flood status is unknown.,Presence of a flood-report row in this public source for this named location and calendar month; not physical flood status.,calendar_month,,,,0,11,11,20261003,10.23708/8Y16HU
N-66773a3329d03f96,GY-9a826eed32a21915,Phạm Thế Hiển,Residential area,Phường Chánh Hưng,Phường Chánh Hưng,District 8,2012,3,0,pseudo_no_matching_record,No matching row was found in this source for this location-month; actual flood status is unknown.,Presence of a flood-report row in this public source for this named location and calendar month; not physical flood status.,calendar_month,,,,0,11,11,20261003,10.23708/8Y16HU
N-22ffd1ed0d8e9cdc,GY-37b0f5e7fd658ec7,Phường 12,Residential area,Phường Phú Định,Phường Phú Định,District 8,2012,3,0,pseudo_no_matching_record,No matching row was found in this source for this location-month; actual flood status is unknown.,Presence of a flood-report row in this public source for this named location and calendar month; not physical flood status.,calendar_month,,,,0,11,11,20261003,10.23708/8Y16HU
N-a56136c6513d9370,GY-845350af17cbdba6,Đường Dương Đình Cúc,Street,Xã Tân Nhựt,Xã Tân Nhựt,Bình Chánh,2012,4,0,pseudo_no_matching_record,No matching row was found in this source for this location-month; actual flood status is unknown.,Presence of a flood-report row in this public source for this named location and calendar month; not physical flood status.,calendar_month,,,,0,11,11,20261003,10.23708/8Y16HU
N-9c2da38ae1c7e719,GY-e2ac54cd7827aee6,Phường 13,Residential area,Phường Phú Định,Phường Phú Định,District 8,2012,5,0,pseudo_no_matching_record,No matching row was found in this source for this location-month; actual flood status is unknown.,Presence of a flood-report row in this public source for this named location and calendar month; not physical flood status.,calendar_month,,,,0,11,11,20261003,10.23708/8Y16HU
N-b8daf16e6d073874,GY-71be92ce1651798f,Đường Ngô Tất Tố,Street,Phường Thanh My Tay,Phường Thanh My Tay,Bình Thạnh,2012,5,0,pseudo_no_matching_record,No matching row was found in this source for this location-month; actual flood status is unknown.,Presence of a flood-report row in this public source for this named location and calendar month; not physical flood status.,calendar_month,,,,0,11,11,20261003,10.23708/8Y16HU
N-a703a13b50b46085,GY-7d26dba423cb1273,Lê Văn Lương,Residential area,Xã Nhà Bè,Xã Nhà Bè,Nhà Bè,2012,5,0,pseudo_no_matching_record,No matching row was found in this source for this location-month; actual flood status is unknown.,Presence of a flood-report row in this public source for this named location and calendar month; not physical flood status.,calendar_month,,,,0,11,11,20261003,10.23708/8Y16HU
N-3e1145bce8856138,GY-5bc3aca9f3e5f719,Tùng Thiện Vương,Residential area,Phường Phú Định,Phường Phú Định,District 8,2012,6,0,pseudo_no_matching_record,No matching row was found in this source for this location-month; actual flood status is unknown.,Presence of a flood-report row in this public source for this named location and calendar month; not physical flood status.,calendar_month,,,,0,11,11,20261003,10.23708/8Y16HU
N-6daac421d3b5a0f8,GY-9217dfddfc4de552,Đường Ngô Tất Tố,Street,Phường Thạnh Mỹ Tây,Phường Thạnh Mỹ Tây,Bình Thạnh,2012,6,0,pseudo_no_matching_record,No matching row was found in this source for this location-month; actual flood status is unknown.,Presence of a flood-report row in this public source for this named location and calendar month; not physical flood status.,calendar_month,,,,0,11,11,20261003,10.23708/8Y16HU
N-bc15946c4c9d3cb3,GY-04e5e6664039b51b,Đường Huỳnh Tấn Phát,Street,Xã Nhà Bè,Xã Nhà Bè,District 7,2012,6,0,pseudo_no_matching_record,No matching row was found in this source for this location-month; actual flood status is unknown.,Presence of a flood-report row in this public source for this named location and calendar month; not physical flood status.,calendar_month,,,,0,11,11,20261003,10.23708/8Y16HU
N-a78a1b284876dbe4,GY-4792dc5421dd3465,Trường Mầm non Vành Khuyên,School,Xã Nhà Bè,Xã Nhà Bè,Nhà Bè,2012,6,0,pseudo_no_matching_record,No matching row was found in this source for this location-month; actual flood status is unknown.,Presence of a flood-report row in this public source for this named location and calendar month; not physical flood status.,calendar_month,,,,0,11,11,20261003,10.23708/8Y16HU
N-c55c26d38ab6f3c9,GY-2d6cd081bff8e708,Đường Bến Bình Đông,Street,Phường Phú Định,Phường Phú Định,District 8,2012,7,0,pseudo_no_matching_record,No matching row was found in this source for this location-month; actual flood status is unknown.,Presence of a flood-report row in this public source for this named location and calendar month; not physical flood status.,calendar_month,,,,0,11,11,20261003,10.23708/8Y16HU
N-adec26ce8ec0bd0d,GY-c54cc154d5915c6d,Đường Bến Phú Định,Street,Phường Phú Định,Phường Phú Định,District 8,2012,7,0,pseudo_no_matching_record,No matching row was found in this source for this location-month; actual flood status is unknown.,Presence of a flood-report row in this public source for this named location and calendar month; not physical flood status.,calendar_month,,,,0,11,11,20261003,10.23708/8Y16HU
N-22cc634d2b17e76d,GY-bf7739d2d27a8940,Huỳnh Tấn Phát,Residential area,Xã Nhà Bè,Xã Nhà Bè,Nhà Bè,2012,7,0,pseudo_no_matching_record,No matching row was found in this source for this location-month; actual flood status is unknown.,Presence of a flood-report row in this public source for this named location and calendar month; not physical flood status.,calendar_month,,,,0,11,11,20261003,10.23708/8Y16HU
N-776e8a0846217fcc,GY-43bb72cffbbd0833,Hưng Phú Street,Residential area,Phường Chánh Hưng,Phường Chánh Hưng,District 8,2012,8,0,pseudo_no_matching_record,No matching row was found in this source for this location-month; actual flood status is unknown.,Presence of a flood-report row in this public source for this named location and calendar month; not physical flood status.,calendar_month,,,,0,11,11,20261003,10.23708/8Y16HU
N-06773c188bfb50ac,GY-b1e9393e3959165d,Phường Hiệp Bình,Residential area,Phường Hiệp Bình,Phường Hiệp Bình,Thủ Đức,2012,8,0,pseudo_no_matching_record,No matching row was found in this source for this location-month; actual flood status is unknown.,Presence of a flood-report row in this public source for this named location and calendar month; not physical flood status.,calendar_month,,,,0,11,11,20261003,10.23708/8Y16HU
N-752c02d93535a4fa,GY-8143dec9fe5cea64,Đường Lương Định Của,Street,Phường An Khánh,Phường An Khánh,District 2,2012,9,0,pseudo_no_matching_record,No matching row was found in this source for this location-month; actual flood status is unknown.,Presence of a flood-report row in this public source for this named location and calendar month; not physical flood status.,calendar_month,,,,0,11,11,20261003,10.23708/8Y16HU
N-62a89d548363caeb,GY-8304837a6a219cc6,Hồ Ngọc Lãm,Residential area,Phường An Lạc,Phường An Lạc,Bình Tân,2012,9,0,pseudo_no_matching_record,No matching row was found in this source for this location-month; actual flood status is unknown.,Presence of a flood-report row in this public source for this named location and calendar month; not physical flood status.,calendar_month,,,,0,11,11,20261003,10.23708/8Y16HU
N-77d3e127dea5dfad,GY-c1ea5265ac99b5ce,Quốc lộ 1,National Highway,Phường Bình Hưng Hòa,Phường Bình Hưng Hòa,Bình Tân,2012,9,0,pseudo_no_matching_record,No matching row was found in this source for this location-month; actual flood status is unknown.,Presence of a flood-report row in this public source for this named location and calendar month; not physical flood status.,calendar_month,,,,0,11,11,20261003,10.23708/8Y16HU
N-e0978dea42865174,GY-7c2979d9ca83c801,Chợ Thủ Dầu Một,Residential area,Phường Thủ Dầu Một,Phường Thủ Dầu Một,,2012,9,0,pseudo_no_matching_record,No matching row was found in this source for this location-month; actual flood status is unknown.,Presence of a flood-report row in this public source for this named location and calendar month; not physical flood status.,calendar_month,,,,0,11,11,20261003,10.23708/8Y16HU
P-f6bfd87e7b47e9fe,GY-8143dec9fe5cea64,Đường Lương Định Của,Street,Phường An Khánh,Phường An Khánh,District 2,2012,10,1,documented_report,At least one source observation matches this location and month.,Presence of a flood-report row in this public source for this named location and calendar month; not physical flood status.,calendar_month,Obs_34|Obs_90,SRC_13|SRC_6,16/10/2012|17/10/2012,2,,1,,10.23708/8Y16HU
P-46eafff7ad1a21f7,GY-5a620f2cba681df8,Đại lộ Võ Văn Kiệt,Residential area,Phường An Lạc,Phường An Lạc,Bình Tân,2012,10,1,documented_report,At least one source observation matches this location and month.,Presence of a flood-report row in this public source for this named location and calendar month; not physical flood status.,calendar_month,Obs_41,SRC_6,16/10/2012,1,,1,,10.23708/8Y16HU
P-8c8081652cf212e8,GY-8304837a6a219cc6,Hồ Ngọc Lãm,Residential area,Phường An Lạc,Phường An Lạc,Bình Tân,2012,10,1,documented_report,At least one source observation matches this location and month.,Presence of a flood-report row in this public source for this named location and calendar month; not physical flood status.,calendar_month,Obs_40,SRC_6,16/10/2012,1,,1,,10.23708/8Y16HU
P-8ff4f834a714e68c,GY-c1ea5265ac99b5ce,Quốc lộ 1,National Highway,Phường Bình Hưng Hòa,Phường Bình Hưng Hòa,Bình Tân,2012,10,1,documented_report,At least one source observation matches this location and month.,Presence of a flood-report row in this public source for this named location and calendar month; not physical flood status.,calendar_month,Obs_93,SRC_13,17/10/2012,1,,1,,10.23708/8Y16HU
P-bc5b66cb05799f33,GY-43bb72cffbbd0833,Hưng Phú Street,Residential area,Phường Chánh Hưng,Phường Chánh Hưng,District 8,2012,10,1,documented_report,At least one source observation matches this location and month.,Presence of a flood-report row in this public source for this named location and calendar month; not physical flood status.,calendar_month,Obs_47,SRC_6,16/10/2012,1,,1,,10.23708/8Y16HU
P-4000688f57fb2bcc,GY-9a826eed32a21915,Phạm Thế Hiển,Residential area,Phường Chánh Hưng,Phường Chánh Hưng,District 8,2012,10,1,documented_report,At least one source observation matches this location and month.,Presence of a flood-report row in this public source for this named location and calendar month; not physical flood status.,calendar_month,Obs_49,SRC_6,16/10/2012,1,,1,,10.23708/8Y16HU
P-dc65802cea437739,GY-ddf783bcbdc10a8c,Tạ Quang Bửu,Residential area,Phường Chánh Hưng,Phường Chánh Hưng,District 8,2012,10,1,documented_report,At least one source observation matches this location and month.,Presence of a flood-report row in this public source for this named location and calendar month; not physical flood status.,calendar_month,Obs_48,SRC_6,16/10/2012,1,,1,,10.23708/8Y16HU
P-0651b877344cd5eb,GY-d81c2a71383a30e6,Đường Dương Tử Giang,Street,Phường Chợ Lớn,Phường Chợ Lớn,District 5,2012,10,1,documented_report,At least one source observation matches this location and month.,Presence of a flood-report row in this public source for this named location and calendar month; not physical flood status.,calendar_month,Obs_89,SRC_13,17/10/2012,1,,1,,10.23708/8Y16HU
P-2b53834c0accdfcf,GY-e85146c4fda1a095,Kha Vạn Cân,Residential area,Phường Hiệp Bình,Phường Hiệp Bình,Thủ Đức,2012,10,1,documented_report,At least one source observation matches this location and month.,Presence of a flood-report row in this public source for this named location and calendar month; not physical flood status.,calendar_month,Obs_42,SRC_6,16/10/2012,1,,1,,10.23708/8Y16HU
P-61242e3eca909b17,GY-b1e9393e3959165d,Phường Hiệp Bình,Residential area,Phường Hiệp Bình,Phường Hiệp Bình,Thủ Đức,2012,10,1,documented_report,At least one source observation matches this location and month.,Presence of a flood-report row in this public source for this named location and calendar month; not physical flood status.,calendar_month,Obs_39,SRC_6,16/10/2012,1,,1,,10.23708/8Y16HU
P-7c109da55063da30,GY-a2c43899aff01591,Lái Thiêu,Ward,Phường Lái Thiêu,Phường Lái Thiêu,,2012,10,1,documented_report,At least one source observation matches this location and month.,Presence of a flood-report row in this public source for this named location and calendar month; not physical flood status.,calendar_month,Obs_97,SRC_13,17/10/2012,1,,1,,10.23708/8Y16HU
P-847a12fb461a17d9,GY-2d6cd081bff8e708,Đường Bến Bình Đông,Street,Phường Phú Định,Phường Phú Định,District 8,2012,10,1,documented_report,At least one source observation matches this location and month.,Presence of a flood-report row in this public source for this named location and calendar month; not physical flood status.,calendar_month,Obs_88,SRC_13,17/10/2012,1,,1,,10.23708/8Y16HU
P-7ab3666a7180d935,GY-c54cc154d5915c6d,Đường Bến Phú Định,Street,Phường Phú Định,Phường Phú Định,District 8,2012,10,1,documented_report,At least one source observation matches this location and month.,Presence of a flood-report row in this public source for this named location and calendar month; not physical flood status.,calendar_month,Obs_87,SRC_13,17/10/2012,1,,1,,10.23708/8Y16HU
P-c6255c5b7488b446,GY-37295e6bf2e18897,Khu vực bến Bình Đông,Residential area,Phường Phú Định,Phường Phú Định,District 8,2012,10,1,documented_report,At least one source observation matches this location and month.,Presence of a flood-report row in this public source for this named location and calendar month; not physical flood status.,calendar_month,Obs_95,SRC_13,17/10/2012,1,,1,,10.23708/8Y16HU
P-0701caf1e6b721fa,GY-37b0f5e7fd658ec7,Phường 12,Residential area,Phường Phú Định,Phường Phú Định,District 8,2012,10,1,documented_report,At least one source observation matches this location and month.,Presence of a flood-report row in this public source for this named location and calendar month; not physical flood status.,calendar_month,Obs_44,SRC_6,16/10/2012,1,,1,,10.23708/8Y16HU
P-d1fabbcbd61a30c3,GY-e2ac54cd7827aee6,Phường 13,Residential area,Phường Phú Định,Phường Phú Định,District 8,2012,10,1,documented_report,At least one source observation matches this location and month.,Presence of a flood-report row in this public source for this named location and calendar month; not physical flood status.,calendar_month,Obs_45,SRC_6,16/10/2012,1,,1,,10.23708/8Y16HU
P-1fa8af8c03fb2f7c,GY-5bc3aca9f3e5f719,Tùng Thiện Vương,Residential area,Phường Phú Định,Phường Phú Định,District 8,2012,10,1,documented_report,At least one source observation matches this location and month.,Presence of a flood-report row in this public source for this named location and calendar month; not physical flood status.,calendar_month,Obs_46,SRC_6,16/10/2012,1,,1,,10.23708/8Y16HU
P-ccb5e82ae6531218,GY-71be92ce1651798f,Đường Ngô Tất Tố,Street,Phường Thanh My Tay,Phường Thanh My Tay,Bình Thạnh,2012,10,1,documented_report,At least one source observation matches this location and month.,Presence of a flood-report row in this public source for this named location and calendar month; not physical flood status.,calendar_month,Obs_35,SRC_6,16/10/2012,1,,1,,10.23708/8Y16HU
P-73fe76680e384837,GY-9217dfddfc4de552,Đường Ngô Tất Tố,Street,Phường Thạnh Mỹ Tây,Phường Thạnh Mỹ Tây,Bình Thạnh,2012,10,1,documented_report,At least one source observation matches this location and month.,Presence of a flood-report row in this public source for this named location and calendar month; not physical flood status.,calendar_month,Obs_36,SRC_6,16/10/2012,1,,1,,10.23708/8Y16HU
P-f4fa814e086a8b77,GY-07a114f5c43449c8,Đường Ung Văn Khiêm,Street,Phường Thạnh Mỹ Tây,Phường Thạnh Mỹ Tây,Bình Thạnh,2012,10,1,documented_report,At least one source observation matches this location and month.,Presence of a flood-report row in this public source for this named location and calendar month; not physical flood status.,calendar_month,Obs_37,SRC_6,16/10/2012,1,,1,,10.23708/8Y16HU
P-10a08e22cc94c3c3,GY-7c2979d9ca83c801,Chợ Thủ Dầu Một,Residential area,Phường Thủ Dầu Một,Phường Thủ Dầu Một,,2012,10,1,documented_report,At least one source observation matches this location and month.,Presence of a flood-report row in this public source for this named location and calendar month; not physical flood status.,calendar_month,Obs_96,SRC_13,17/10/2012,1,,1,,10.23708/8Y16HU
P-96e614a8aae3a30a,GY-04e5e6664039b51b,Đường Huỳnh Tấn Phát,Street,Xã Nhà Bè,Xã Nhà Bè,District 7,2012,10,1,documented_report,At least one source observation matches this location and month.,Presence of a flood-report row in this public source for this named location and calendar month; not physical flood status.,calendar_month,Obs_92,SRC_13,17/10/2012,1,,1,,10.23708/8Y16HU
P-a96f31db17f86b84,GY-bf7739d2d27a8940,Huỳnh Tấn Phát,Residential area,Xã Nhà Bè,Xã Nhà Bè,Nhà Bè,2012,10,1,documented_report,At least one source observation matches this location and month.,Presence of a flood-report row in this public source for this named location and calendar month; not physical flood status.,calendar_month,Obs_38,SRC_6,16/10/2012,1,,1,,10.23708/8Y16HU
P-312dd0701254d266,GY-7d26dba423cb1273,Lê Văn Lương,Residential area,Xã Nhà Bè,Xã Nhà Bè,Nhà Bè,2012,10,1,documented_report,At least one source observation matches this location and month.,Presence of a flood-report row in this public source for this named location and calendar month; not physical flood status.,calendar_month,Obs_43,SRC_6,16/10/2012,1,,1,,10.23708/8Y16HU
P-00d78a5a4d7ce776,GY-4792dc5421dd3465,Trường Mầm non Vành Khuyên,School,Xã Nhà Bè,Xã Nhà Bè,Nhà Bè,2012,10,1,documented_report,At least one source observation matches this location and month.,Presence of a flood-report row in this public source for this named location and calendar month; not physical flood status.,calendar_month,Obs_86,SRC_13,17/10/2012,1,,1,,10.23708/8Y16HU
P-a0a16cad777221db,GY-845350af17cbdba6,Đường Dương Đình Cúc,Street,Xã Tân Nhựt,Xã Tân Nhựt,Bình Chánh,2012,10,1,documented_report,At least one source observation matches this location and month.,Presence of a flood-report row in this public source for this named location and calendar month; not physical flood status.,calendar_month,Obs_94,SRC_13,17/10/2012,1,,1,,10.23708/8Y16HU
N-71d1b80cb443d435,GY-37295e6bf2e18897,Khu vực bến Bình Đông,Residential area,Phường Phú Định,Phường Phú Định,District 8,2012,11,0,pseudo_no_matching_record,No matching row was found in this source for this location-month; actual flood status is unknown.,Presence of a flood-report row in this public source for this named location and calendar month; not physical flood status.,calendar_month,,,,0,11,11,20261003,10.23708/8Y16HU
N-02aace3303048ca5,GY-07a114f5c43449c8,Đường Ung Văn Khiêm,Street,Phường Thạnh Mỹ Tây,Phường Thạnh Mỹ Tây,Bình Thạnh,2012,11,0,pseudo_no_matching_record,No matching row was found in this source for this location-month; actual flood status is unknown.,Presence of a flood-report row in this public source for this named location and calendar month; not physical flood status.,calendar_month,,,,0,11,11,20261003,10.23708/8Y16HU
N-dce4b938a4a53688,GY-f947b7feea693653,Đường Đồng Đen,Street,Phường Bảy Hiền,Phường Bảy Hiền,Tân Bình,2013,1,0,pseudo_no_matching_record,No matching row was found in this source for this location-month; actual flood status is unknown.,Presence of a flood-report row in this public source for this named location and calendar month; not physical flood status.,calendar_month,,,,0,11,11,20261003,10.23708/8Y16HU
N-89adfc57560ac7d4,GY-fb4cdb910dc16c31,Đường Cộng Hoà,Street,Phường Tân Bình,Phường Tân Bình,Tân Bình,2013,1,0,pseudo_no_matching_record,No matching row was found in this source for this location-month; actual flood status is unknown.,Presence of a flood-report row in this public source for this named location and calendar month; not physical flood status.,calendar_month,,,,0,11,11,20261003,10.23708/8Y16HU
N-552152e727a1c34a,GY-9505f817361af8b2,Đường Tân Hóa,Street,Phường Minh Phụng,Phường Minh Phụng,District 11,2013,2,0,pseudo_no_matching_record,No matching row was found in this source for this location-month; actual flood status is unknown.,Presence of a flood-report row in this public source for this named location and calendar month; not physical flood status.,calendar_month,,,,0,10,5,20261003,10.23708/8Y16HU
N-009592e34690ea22,GY-46aa718590918eb3,Đường Khuông Việt,Street,Phường Tân Phú,Phường Tân Phú,Tân Phú,2013,2,0,pseudo_no_matching_record,No matching row was found in this source for this location-month; actual flood status is unknown.,Presence of a flood-report row in this public source for this named location and calendar month; not physical flood status.,calendar_month,,,,0,11,11,20261003,10.23708/8Y16HU
N-7a87bb890d4b758c,GY-ac706296573c1d5d,Đường Ung Văn Khiêm,Street,Phường Thạnh Mỹ Tây,Phường Thạnh Mỹ Tây,Bình Thạnh,2013,3,0,pseudo_no_matching_record,No matching row was found in this source for this location-month; actual flood status is unknown.,Presence of a flood-report row in this public source for this named location and calendar month; not physical flood status.,calendar_month,,,,0,11,11,20261003,10.23708/8Y16HU
N-ad5bbcd81819dd58,GY-d666efb1adc1cb0f,Đường Hòa Bình,Street,Phường Bình Thới,Phường Bình Thới,District 11,2013,4,0,pseudo_no_matching_record,No matching row was found in this source for this location-month; actual flood status is unknown.,Presence of a flood-report row in this public source for this named location and calendar month; not physical flood status.,calendar_month,,,,0,11,11,20261003,10.23708/8Y16HU
P-0e8dff19a7edf40c,GY-f947b7feea693653,Đường Đồng Đen,Street,Phường Bảy Hiền,Phường Bảy Hiền,Tân Bình,2013,5,1,documented_report,At least one source observation matches this location and month.,Presence of a flood-report row in this public source for this named location and calendar month; not physical flood status.,calendar_month,Obs_396,SRC_52,15/05/2013,1,,1,,10.23708/8Y16HU
P-f6507ba8f03fcf50,GY-8489bd81e3ae1864,Đường Thanh Đa,Street,Phường Bình Quới,Phường Bình Quới,Bình Thạnh,2013,5,1,documented_report,At least one source observation matches this location and month.,Presence of a flood-report row in this public source for this named location and calendar month; not physical flood status.,calendar_month,Obs_399,SRC_52,15/05/2013,1,,1,,10.23708/8Y16HU
N-d66c4c771787ac97,GY-5f8fca887c4b5925,Đường Nguyễn Văn Quá,Street,Phường Đông Hưng Thuận,Phường Đông Hưng Thuận,District 12,2013,5,0,pseudo_no_matching_record,No matching row was found in this source for this location-month; actual flood status is unknown.,Presence of a flood-report row in this public source for this named location and calendar month; not physical flood status.,calendar_month,,,,0,11,11,20261003,10.23708/8Y16HU
P-9bb6ab07741995eb,GY-9505f817361af8b2,Đường Tân Hóa,Street,Phường Minh Phụng,Phường Minh Phụng,District 11,2013,5,1,documented_report,At least one source observation matches this location and month.,Presence of a flood-report row in this public source for this named location and calendar month; not physical flood status.,calendar_month,Obs_392,SRC_52,15/05/2013,1,,1,,10.23708/8Y16HU
P-36206f9b97df41cf,GY-e1e9a872a9fe9303,Đường Hòa Bình,Street,Phường Phú Thạnh,Phường Phú Thạnh,Tân Phú,2013,5,1,documented_report,At least one source observation matches this location and month.,Presence of a flood-report row in this public source for this named location and calendar month; not physical flood status.,calendar_month,Obs_393,SRC_52,15/05/2013,1,,1,,10.23708/8Y16HU
N-db88a6c0904caf70,GY-960ea57af3be4dfd,Bàu Cát,Residential area,Phường Tân Bình,Phường Tân Bình,Tân Bình,2013,5,0,pseudo_no_matching_record,No matching row was found in this source for this location-month; actual flood status is unknown.,Presence of a flood-report row in this public source for this named location and calendar month; not physical flood status.,calendar_month,,,,0,11,11,20261003,10.23708/8Y16HU
P-61b7da01f6517e07,GY-2c3b4f9de37ddd49,Đường Bàu Cát,Street,Phường Tân Bình,Phường Tân Bình,Tân Bình,2013,5,1,documented_report,At least one source observation matches this location and month.,Presence of a flood-report row in this public source for this named location and calendar month; not physical flood status.,calendar_month,Obs_395,SRC_52,15/05/2013,1,,1,,10.23708/8Y16HU
P-39af4c1bea08903a,GY-46aa718590918eb3,Đường Khuông Việt,Street,Phường Tân Phú,Phường Tân Phú,Tân Phú,2013,5,1,documented_report,At least one source observation matches this location and month.,Presence of a flood-report row in this public source for this named location and calendar month; not physical flood status.,calendar_month,Obs_394,SRC_52,15/05/2013,1,,1,,10.23708/8Y16HU
P-0785beeb382f5cad,GY-6f8fa94fe9472233,Đường Nguyễn Hữu Cảnh,Street,Phường Thạnh Mỹ Tây,Phường Thạnh Mỹ Tây,Bình Thạnh,2013,5,1,documented_report,At least one source observation matches this location and month.,Presence of a flood-report row in this public source for this named location and calendar month; not physical flood status.,calendar_month,Obs_397,SRC_52,15/05/2013,1,,1,,10.23708/8Y16HU
P-08bd7d428829ac80,GY-ac706296573c1d5d,Đường Ung Văn Khiêm,Street,Phường Thạnh Mỹ Tây,Phường Thạnh Mỹ Tây,Bình Thạnh,2013,5,1,documented_report,At least one source observation matches this location and month.,Presence of a flood-report row in this public source for this named location and calendar month; not physical flood status.,calendar_month,Obs_398,SRC_52,15/05/2013,1,,1,,10.23708/8Y16HU
N-a7c95fd19ca10fd8,GY-070a6ebc11a983db,Đường Lạc Long Quân,Street,Phường Bảy Hiền,Phường Bảy Hiền,Tân Bình,2013,7,0,pseudo_no_matching_record,No matching row was found in this source for this location-month; actual flood status is unknown.,Presence of a flood-report row in this public source for this named location and calendar month; not physical flood status.,calendar_month,,,,0,11,11,20261003,10.23708/8Y16HU
N-468695d2cda6de98,GY-48aa78d5192efcbd,Đường An Dương Vương,Street,Phường Bình Phú,Phường Bình Phú,District 6,2013,7,0,pseudo_no_matching_record,No matching row was found in this source for this location-month; actual flood status is unknown.,Presence of a flood-report row in this public source for this named location and calendar month; not physical flood status.,calendar_month,,,,0,11,11,20261003,10.23708/8Y16HU
N-3f4cbe76825963bc,GY-8489bd81e3ae1864,Đường Thanh Đa,Street,Phường Bình Quới,Phường Bình Quới,Bình Thạnh,2013,7,0,pseudo_no_matching_record,No matching row was found in this source for this location-month; actual flood status is unknown.,Presence of a flood-report row in this public source for this named location and calendar month; not physical flood status.,calendar_month,,,,0,11,11,20261003,10.23708/8Y16HU
N-14a6bb9644b428d5,GY-bf48e6908fe484d5,Đường Đinh Bộ Lĩnh,Street,Phường Bình Thạnh,Phường Bình Thạnh,Bình Thạnh,2013,7,0,pseudo_no_matching_record,No matching row was found in this source for this location-month; actual flood status is unknown.,Presence of a flood-report row in this public source for this named location and calendar month; not physical flood status.,calendar_month,,,,0,11,11,20261003,10.23708/8Y16HU
N-c4b14c38601f7478,GY-a673839b7e2d09ac,Đường Âu Cơ,Street,Phường Tân Bình,Phường Tân Bình,Tân Bình,2013,7,0,pseudo_no_matching_record,No matching row was found in this source for this location-month; actual flood status is unknown.,Presence of a flood-report row in this public source for this named location and calendar month; not physical flood status.,calendar_month,,,,0,11,11,20261003,10.23708/8Y16HU
N-29c934deab9f660b,GY-3b6cd217b96bcc78,Đường Đặng Nguyên Cẩn,Street,Phường Phú Lâm,Phường Phú Lâm,District 6,2013,9,0,pseudo_no_matching_record,No matching row was found in this source for this location-month; actual flood status is unknown.,Presence of a flood-report row in this public source for this named location and calendar month; not physical flood status.,calendar_month,,,,0,11,11,20261003,10.23708/8Y16HU
N-c1e298f793984501,GY-fadaa00c2241fb0e,Đường Kinh Dương Vương,Street,Phường Phú Lâm,Phường Phú Lâm,District 6,2013,9,0,pseudo_no_matching_record,No matching row was found in this source for this location-month; actual flood status is unknown.,Presence of a flood-report row in this public source for this named location and calendar month; not physical flood status.,calendar_month,,,,0,11,11,20261003,10.23708/8Y16HU
N-840848f890078a1d,GY-e1e9a872a9fe9303,Đường Hòa Bình,Street,Phường Phú Thạnh,Phường Phú Thạnh,Tân Phú,2013,9,0,pseudo_no_matching_record,No matching row was found in this source for this location-month; actual flood status is unknown.,Presence of a flood-report row in this public source for this named location and calendar month; not physical flood status.,calendar_month,,,,0,11,11,20261003,10.23708/8Y16HU
P-4815b505287df677,GY-070a6ebc11a983db,Đường Lạc Long Quân,Street,Phường Bảy Hiền,Phường Bảy Hiền,Tân Bình,2013,10,1,documented_report,At least one source observation matches this location and month.,Presence of a flood-report row in this public source for this named location and calendar month; not physical flood status.,calendar_month,Obs_389,SRC_51,02/10/2013,1,,1,,10.23708/8Y16HU
P-187cf73e0b3fe8eb,GY-48aa78d5192efcbd,Đường An Dương Vương,Street,Phường Bình Phú,Phường Bình Phú,District 6,2013,10,1,documented_report,At least one source observation matches this location and month.,Presence of a flood-report row in this public source for this named location and calendar month; not physical flood status.,calendar_month,Obs_386,SRC_51,02/10/2013,1,,1,,10.23708/8Y16HU
P-aeadb2fe74668a62,GY-bf48e6908fe484d5,Đường Đinh Bộ Lĩnh,Street,Phường Bình Thạnh,Phường Bình Thạnh,Bình Thạnh,2013,10,1,documented_report,At least one source observation matches this location and month.,Presence of a flood-report row in this public source for this named location and calendar month; not physical flood status.,calendar_month,Obs_391,SRC_51,02/10/2013,1,,1,,10.23708/8Y16HU
P-9a7dfcb74d9c281a,GY-d666efb1adc1cb0f,Đường Hòa Bình,Street,Phường Bình Thới,Phường Bình Thới,District 11,2013,10,1,documented_report,At least one source observation matches this location and month.,Presence of a flood-report row in this public source for this named location and calendar month; not physical flood status.,calendar_month,Obs_382,SRC_51,02/10/2013,1,,1,,10.23708/8Y16HU
P-6a5950684ca36abc,GY-5f8fca887c4b5925,Đường Nguyễn Văn Quá,Street,Phường Đông Hưng Thuận,Phường Đông Hưng Thuận,District 12,2013,10,1,documented_report,At least one source observation matches this location and month.,Presence of a flood-report row in this public source for this named location and calendar month; not physical flood status.,calendar_month,Obs_381,SRC_51,02/10/2013,1,,1,,10.23708/8Y16HU
P-3ca8050520ccf408,GY-9505f817361af8b2,Đường Tân Hóa,Street,Phường Minh Phụng,Phường Minh Phụng,District 11,2013,10,1,documented_report,At least one source observation matches this location and month.,Presence of a flood-report row in this public source for this named location and calendar month; not physical flood status.,calendar_month,Obs_384,SRC_51,02/10/2013,1,,1,,10.23708/8Y16HU
P-0319683e3958a481,GY-3b6cd217b96bcc78,Đường Đặng Nguyên Cẩn,Street,Phường Phú Lâm,Phường Phú Lâm,District 6,2013,10,1,documented_report,At least one source observation matches this location and month.,Presence of a flood-report row in this public source for this named location and calendar month; not physical flood status.,calendar_month,Obs_383,SRC_51,02/10/2013,1,,1,,10.23708/8Y16HU
P-1f98d6e58dacb63c,GY-fadaa00c2241fb0e,Đường Kinh Dương Vương,Street,Phường Phú Lâm,Phường Phú Lâm,District 6,2013,10,1,documented_report,At least one source observation matches this location and month.,Presence of a flood-report row in this public source for this named location and calendar month; not physical flood status.,calendar_month,Obs_385,SRC_51,02/10/2013,1,,1,,10.23708/8Y16HU
P-6f5562a4b8a753b9,GY-960ea57af3be4dfd,Bàu Cát,Residential area,Phường Tân Bình,Phường Tân Bình,Tân Bình,2013,10,1,documented_report,At least one source observation matches this location and month.,Presence of a flood-report row in this public source for this named location and calendar month; not physical flood status.,calendar_month,Obs_387,SRC_51,02/10/2013,1,,1,,10.23708/8Y16HU
P-1cdd021257860f95,GY-a673839b7e2d09ac,Đường Âu Cơ,Street,Phường Tân Bình,Phường Tân Bình,Tân Bình,2013,10,1,documented_report,At least one source observation matches this location and month.,Presence of a flood-report row in this public source for this named location and calendar month; not physical flood status.,calendar_month,Obs_388,SRC_51,02/10/2013,1,,1,,10.23708/8Y16HU
N-1c9144ff7a8696cf,GY-2c3b4f9de37ddd49,Đường Bàu Cát,Street,Phường Tân Bình,Phường Tân Bình,Tân Bình,2013,10,0,pseudo_no_matching_record,No matching row was found in this source for this location-month; actual flood status is unknown.,Presence of a flood-report row in this public source for this named location and calendar month; not physical flood status.,calendar_month,,,,0,11,11,20261003,10.23708/8Y16HU
P-4b1a361011945714,GY-fb4cdb910dc16c31,Đường Cộng Hoà,Street,Phường Tân Bình,Phường Tân Bình,Tân Bình,2013,10,1,documented_report,At least one source observation matches this location and month.,Presence of a flood-report row in this public source for this named location and calendar month; not physical flood status.,calendar_month,Obs_390,SRC_51,02/10/2013,1,,1,,10.23708/8Y16HU
N-4d14d6abae70edb2,GY-9505f817361af8b2,Đường Tân Hóa,Street,Phường Minh Phụng,Phường Minh Phụng,District 11,2013,12,0,pseudo_no_matching_record,No matching row was found in this source for this location-month; actual flood status is unknown.,Presence of a flood-report row in this public source for this named location and calendar month; not physical flood status.,calendar_month,,,,0,10,5,20261003,10.23708/8Y16HU
N-7902724de0f3fd73,GY-6f8fa94fe9472233,Đường Nguyễn Hữu Cảnh,Street,Phường Thạnh Mỹ Tây,Phường Thạnh Mỹ Tây,Bình Thạnh,2013,12,0,pseudo_no_matching_record,No matching row was found in this source for this location-month; actual flood status is unknown.,Presence of a flood-report row in this public source for this named location and calendar month; not physical flood status.,calendar_month,,,,0,11,11,20261003,10.23708/8Y16HU
N-404079a23ec08bcb,GY-8cf3db54b63fb056,Đường Tô Hiệu,Street,Phường Phú Thạnh,Phường Phú Thạnh,Tân Phú,2015,5,0,pseudo_no_matching_record,No matching row was found in this source for this location-month; actual flood status is unknown.,Presence of a flood-report row in this public source for this named location and calendar month; not physical flood status.,calendar_month,,,,0,11,11,20261003,10.23708/8Y16HU
N-97e8cf6bc1d65a66,GY-84e48753b9d98b17,Đường Tân Hòa Đông,Street,Phường Phú Lâm,Phường Phú Lâm,District 6,2015,7,0,pseudo_no_matching_record,No matching row was found in this source for this location-month; actual flood status is unknown.,Presence of a flood-report row in this public source for this named location and calendar month; not physical flood status.,calendar_month,,,,0,11,11,20261003,10.23708/8Y16HU
P-f8a6d9b853751de9,GY-67ae148c9ef53f60,Đường Kinh Dương Vương,Street,Phường An Lạc,Phường An Lạc,Bình Tân,2015,9,1,documented_report,At least one source observation matches this location and month.,Presence of a flood-report row in this public source for this named location and calendar month; not physical flood status.,calendar_month,Obs_354,SRC_45,09/09/2015,1,,1,,10.23708/8Y16HU
P-e11d6efd6e78286f,GY-2c906de52586ddbe,Đường An Dương Vương,Street,Phường Phú Lâm,Phường Phú Lâm,District 6,2015,9,1,documented_report,At least one source observation matches this location and month.,Presence of a flood-report row in this public source for this named location and calendar month; not physical flood status.,calendar_month,Obs_351,SRC_45,09/09/2015,1,,1,,10.23708/8Y16HU
P-e95dbd6737923273,GY-84e48753b9d98b17,Đường Tân Hòa Đông,Street,Phường Phú Lâm,Phường Phú Lâm,District 6,2015,9,1,documented_report,At least one source observation matches this location and month.,Presence of a flood-report row in this public source for this named location and calendar month; not physical flood status.,calendar_month,Obs_353,SRC_45,09/09/2015,1,,1,,10.23708/8Y16HU
P-e6a3a777c7cdb0b6,GY-8cf3db54b63fb056,Đường Tô Hiệu,Street,Phường Phú Thạnh,Phường Phú Thạnh,Tân Phú,2015,9,1,documented_report,At least one source observation matches this location and month.,Presence of a flood-report row in this public source for this named location and calendar month; not physical flood status.,calendar_month,Obs_352,SRC_45,09/09/2015,1,,1,,10.23708/8Y16HU
N-12f391f566a29fa2,GY-67ae148c9ef53f60,Đường Kinh Dương Vương,Street,Phường An Lạc,Phường An Lạc,Bình Tân,2015,11,0,pseudo_no_matching_record,No matching row was found in this source for this location-month; actual flood status is unknown.,Presence of a flood-report row in this public source for this named location and calendar month; not physical flood status.,calendar_month,,,,0,11,11,20261003,10.23708/8Y16HU
N-b75243fa37f3543e,GY-2c906de52586ddbe,Đường An Dương Vương,Street,Phường Phú Lâm,Phường Phú Lâm,District 6,2015,12,0,pseudo_no_matching_record,No matching row was found in this source for this location-month; actual flood status is unknown.,Presence of a flood-report row in this public source for this named location and calendar month; not physical flood status.,calendar_month,,,,0,11,11,20261003,10.23708/8Y16HU
N-1c385f349d15ccfc,GY-19225482c95af85e,Đường Nam Kỳ Khởi Nghĩa,Street,Phường Sài Gòn,Phường Sài Gòn,District 1,2016,2,0,pseudo_no_matching_record,No matching row was found in this source for this location-month; actual flood status is unknown.,Presence of a flood-report row in this public source for this named location and calendar month; not physical flood status.,calendar_month,,,,0,11,11,20261003,10.23708/8Y16HU
N-1a161b1921d99a08,GY-0bfacb9a0272bf38,Đường Nguyễn Siêu,Street,Phường Sài Gòn,Phường Sài Gòn,District 1,2016,2,0,pseudo_no_matching_record,No matching row was found in this source for this location-month; actual flood status is unknown.,Presence of a flood-report row in this public source for this named location and calendar month; not physical flood status.,calendar_month,,,,0,11,11,20261003,10.23708/8Y16HU
N-4097181e02d75cf1,GY-e575163334f1b1c0,Đường Nơ Trang Long,Street,Phường Gia Định,Phường Gia Định,Bình Thạnh,2016,3,0,pseudo_no_matching_record,No matching row was found in this source for this location-month; actual flood status is unknown.,Presence of a flood-report row in this public source for this named location and calendar month; not physical flood status.,calendar_month,,,,0,11,11,20261003,10.23708/8Y16HU
N-c939baf86944a32e,GY-767d31dac775215e,Sân bay,Airport,Phường Tân Sơn,Phường Tân Sơn,Tân Bình,2016,3,0,pseudo_no_matching_record,No matching row was found in this source for this location-month; actual flood status is unknown.,Presence of a flood-report row in this public source for this named location and calendar month; not physical flood status.,calendar_month,,,,0,11,11,20261003,10.23708/8Y16HU
N-2d68b7cfa2a2e6fe,GY-01a9eae45d2d2526,Đường Nơ Trang Long,Street,Phường Bình Thạnh,Phường Bình Thạnh,Bình Thạnh,2016,4,0,pseudo_no_matching_record,No matching row was found in this source for this location-month; actual flood status is unknown.,Presence of a flood-report row in this public source for this named location and calendar month; not physical flood status.,calendar_month,,,,0,11,11,20261003,10.23708/8Y16HU
N-b676d62000e6de97,GY-4a3d51787cfb0168,Đường Phạm Hùng,Street,Phường Chánh Hưng,Phường Chánh Hưng,District 8,2016,4,0,pseudo_no_matching_record,No matching row was found in this source for this location-month; actual flood status is unknown.,Presence of a flood-report row in this public source for this named location and calendar month; not physical flood status.,calendar_month,,,,0,11,11,20261003,10.23708/8Y16HU
N-13d4f5cc74a31216,GY-7306086a2cbaa664,Đường Phan Đình Giót,Street,Phường Tân Sơn,Phường Tân Sơn,Tân Bình,2016,4,0,pseudo_no_matching_record,No matching row was found in this source for this location-month; actual flood status is unknown.,Presence of a flood-report row in this public source for this named location and calendar month; not physical flood status.,calendar_month,,,,0,11,11,20261003,10.23708/8Y16HU
N-cac58819b4a56516,GY-da564c76ecd8fa2c,Đường Trường Sơn,Street,Phường Tân Sơn Hòa,Phường Tân Sơn Hòa,Tân Bình,2016,4,0,pseudo_no_matching_record,No matching row was found in this source for this location-month; actual flood status is unknown.,Presence of a flood-report row in this public source for this named location and calendar month; not physical flood status.,calendar_month,,,,0,11,11,20261003,10.23708/8Y16HU
N-9bee5b1aec23000f,GY-c4415162337227d7,Đường Nguyễn Duy Trinh,Street,Phường Bình Trưng,Phường Bình Trưng,District 2,2016,5,0,pseudo_no_matching_record,No matching row was found in this source for this location-month; actual flood status is unknown.,Presence of a flood-report row in this public source for this named location and calendar month; not physical flood status.,calendar_month,,,,0,11,11,20261003,10.23708/8Y16HU
N-e1ab4f29d94b1e28,GY-4ddaf468dbc5a48e,Đường Lữ Gia,Street,Phường Phú Thọ,Phường Phú Thọ,District 11,2016,5,0,pseudo_no_matching_record,No matching row was found in this source for this location-month; actual flood status is unknown.,Presence of a flood-report row in this public source for this named location and calendar month; not physical flood status.,calendar_month,,,,0,11,11,20261003,10.23708/8Y16HU
N-b11f53ae3e24cf30,GY-99a47a5b9b7b60ad,Đường Bạch Đằng,Street,Phường Bình Thạnh,Phường Bình Thạnh,Bình Thạnh,2016,7,0,pseudo_no_matching_record,No matching row was found in this source for this location-month; actual flood status is unknown.,Presence of a flood-report row in this public source for this named location and calendar month; not physical flood status.,calendar_month,,,,0,11,11,20261003,10.23708/8Y16HU
N-3ff3cc9fb2be5301,GY-84f9860a932e6e19,Đường Hòa Hưng,Street,Phường Hòa Hưng,Phường Hòa Hưng,District 10,2016,7,0,pseudo_no_matching_record,No matching row was found in this source for this location-month; actual flood status is unknown.,Presence of a flood-report row in this public source for this named location and calendar month; not physical flood status.,calendar_month,,,,0,11,11,20261003,10.23708/8Y16HU
N-a38a6e9f96653d2b,GY-30469e8e9b3a2a1e,Pasteur-Hàm Nghị,Intersection,Phường Sài Gòn,Phường Sài Gòn,District 1,2016,7,0,pseudo_no_matching_record,No matching row was found in this source for this location-month; actual flood status is unknown.,Presence of a flood-report row in this public source for this named location and calendar month; not physical flood status.,calendar_month,,,,0,11,11,20261003,10.23708/8Y16HU
N-4a51ad2fbefc4a53,GY-9aa37b2667d2b358,Đường Cao Thắng,Street,Phường Vườn Lài,Phường Vườn Lài,District 10,2016,7,0,pseudo_no_matching_record,No matching row was found in this source for this location-month; actual flood status is unknown.,Presence of a flood-report row in this public source for this named location and calendar month; not physical flood status.,calendar_month,,,,0,11,11,20261003,10.23708/8Y16HU
N-10f028174294411d,GY-fd8a68474dc0ef86,Đường Đinh Bộ Lĩnh,Street,Phường Gia Định,Phường Gia Định,Bình Thạnh,2016,8,0,pseudo_no_matching_record,No matching row was found in this source for this location-month; actual flood status is unknown.,Presence of a flood-report row in this public source for this named location and calendar month; not physical flood status.,calendar_month,,,,0,11,11,20261003,10.23708/8Y16HU
N-cfd0735f89f0ac04,GY-cdc7282b0341034e,Đường Quang Trung,Street,Phường Gò Vấp,Phường Gò Vấp,Gò Vấp,2016,8,0,pseudo_no_matching_record,No matching row was found in this source for this location-month; actual flood status is unknown.,Presence of a flood-report row in this public source for this named location and calendar month; not physical flood status.,calendar_month,,,,0,11,11,20261003,10.23708/8Y16HU
N-28e43e2dacb97068,GY-0127e20e2cc9ee77,Đường Huỳnh Tấn Phát,Street,Phường Tân Mỹ,Phường Tân Mỹ,District 7,2016,8,0,pseudo_no_matching_record,No matching row was found in this source for this location-month; actual flood status is unknown.,Presence of a flood-report row in this public source for this named location and calendar month; not physical flood status.,calendar_month,,,,0,11,11,20261003,10.23708/8Y16HU
P-ed6731a2cc805e00,GY-e02b487c36f6c481,Đường Lê Đức Thọ,Street,Phường An Hội Đông,Phường An Hội Đông,Gò Vấp,2016,9,1,documented_report,At least one source observation matches this location and month.,Presence of a flood-report row in this public source for this named location and calendar month; not physical flood status.,calendar_month,Obs_57,SRC_7,26/09/2016,1,,1,,10.23708/8Y16HU
P-9d06e4d31ee10a7b,GY-15e74b72954c2653,Sân bay Tân Sơn Nhất,Parking,Phường Bảy Hiền,Phường Bảy Hiền,Tân Bình,2016,9,1,documented_report,At least one source observation matches this location and month.,Presence of a flood-report row in this public source for this named location and calendar month; not physical flood status.,calendar_month,Obs_317,SRC_40,27/09/2016,1,,1,,10.23708/8Y16HU
P-479a6f725c23838c,GY-99a47a5b9b7b60ad,Đường Bạch Đằng,Street,Phường Bình Thạnh,Phường Bình Thạnh,Bình Thạnh,2016,9,1,documented_report,At least one source observation matches this location and month.,Presence of a flood-report row in this public source for this named location and calendar month; not physical flood status.,calendar_month,Obs_248,SRC_33,27/09/2016,1,,1,,10.23708/8Y16HU
P-352b44008b8af383,GY-01a9eae45d2d2526,Đường Nơ Trang Long,Street,Phường Bình Thạnh,Phường Bình Thạnh,Bình Thạnh,2016,9,1,documented_report,At least one source observation matches this location and month.,Presence of a flood-report row in this public source for this named location and calendar month; not physical flood status.,calendar_month,Obs_247,SRC_33,27/09/2016,1,,1,,10.23708/8Y16HU
P-fb3d3f6b18e1e9cc,GY-c4415162337227d7,Đường Nguyễn Duy Trinh,Street,Phường Bình Trưng,Phường Bình Trưng,District 2,2016,9,1,documented_report,At least one source observation matches this location and month.,Presence of a flood-report row in this public source for this named location and calendar month; not physical flood status.,calendar_month,Obs_52,SRC_7,26/09/2016,1,,1,,10.23708/8Y16HU
P-26d80bb74d01bc99,GY-66c7afdbabc3e462,Đường Trần Hưng Đạo,Street,Phường Cầu Ông Lãnh,Phường Cầu Ông Lãnh,District 1,2016,9,1,documented_report,At least one source observation matches this location and month.,Presence of a flood-report row in this public source for this named location and calendar month; not physical flood status.,calendar_month,Obs_54,SRC_7,26/09/2016,1,,1,,10.23708/8Y16HU
P-8c6626145d0a04ef,GY-4a3d51787cfb0168,Đường Phạm Hùng,Street,Phường Chánh Hưng,Phường Chánh Hưng,District 8,2016,9,1,documented_report,At least one source observation matches this location and month.,Presence of a flood-report row in this public source for this named location and calendar month; not physical flood status.,calendar_month,Obs_59,SRC_7,26/09/2016,1,,1,,10.23708/8Y16HU
P-635ee9bf689ffa4b,GY-fd8a68474dc0ef86,Đường Đinh Bộ Lĩnh,Street,Phường Gia Định,Phường Gia Định,Bình Thạnh,2016,9,1,documented_report,At least one source observation matches this location and month.,Presence of a flood-report row in this public source for this named location and calendar month; not physical flood status.,calendar_month,Obs_249,SRC_33,27/09/2016,1,,1,,10.23708/8Y16HU
P-7be80a0f20d0a6fc,GY-e575163334f1b1c0,Đường Nơ Trang Long,Street,Phường Gia Định,Phường Gia Định,Bình Thạnh,2016,9,1,documented_report,At least one source observation matches this location and month.,Presence of a flood-report row in this public source for this named location and calendar month; not physical flood status.,calendar_month,Obs_246,SRC_33,27/09/2016,1,,1,,10.23708/8Y16HU
P-96bda78a6061a705,GY-cdc7282b0341034e,Đường Quang Trung,Street,Phường Gò Vấp,Phường Gò Vấp,Gò Vấp,2016,9,1,documented_report,At least one source observation matches this location and month.,Presence of a flood-report row in this public source for this named location and calendar month; not physical flood status.,calendar_month,Obs_58,SRC_7,26/09/2016,1,,1,,10.23708/8Y16HU
P-3ac6a34617983726,GY-84f9860a932e6e19,Đường Hòa Hưng,Street,Phường Hòa Hưng,Phường Hòa Hưng,District 10,2016,9,1,documented_report,At least one source observation matches this location and month.,Presence of a flood-report row in this public source for this named location and calendar month; not physical flood status.,calendar_month,Obs_252,SRC_33,27/09/2016,1,,1,,10.23708/8Y16HU
P-a12452256b3bdcf1,GY-4ddaf468dbc5a48e,Đường Lữ Gia,Street,Phường Phú Thọ,Phường Phú Thọ,District 11,2016,9,1,documented_report,At least one source observation matches this location and month.,Presence of a flood-report row in this public source for this named location and calendar month; not physical flood status.,calendar_month,Obs_251,SRC_33,27/09/2016,1,,1,,10.23708/8Y16HU
P-e978a57786d15bf9,GY-19225482c95af85e,Đường Nam Kỳ Khởi Nghĩa,Street,Phường Sài Gòn,Phường Sài Gòn,District 1,2016,9,1,documented_report,At least one source observation matches this location and month.,Presence of a flood-report row in this public source for this named location and calendar month; not physical flood status.,calendar_month,Obs_53,SRC_7,26/09/2016,1,,1,,10.23708/8Y16HU
P-3a1777b103f79fc6,GY-0bfacb9a0272bf38,Đường Nguyễn Siêu,Street,Phường Sài Gòn,Phường Sài Gòn,District 1,2016,9,1,documented_report,At least one source observation matches this location and month.,Presence of a flood-report row in this public source for this named location and calendar month; not physical flood status.,calendar_month,Obs_245,SRC_32,27/09/2016,1,,1,,10.23708/8Y16HU
P-abebc99da07ac308,GY-30469e8e9b3a2a1e,Pasteur-Hàm Nghị,Intersection,Phường Sài Gòn,Phường Sài Gòn,District 1,2016,9,1,documented_report,At least one source observation matches this location and month.,Presence of a flood-report row in this public source for this named location and calendar month; not physical flood status.,calendar_month,Obs_50,SRC_7,26/09/2016,1,,1,,10.23708/8Y16HU
P-6fc2f52d095f033b,GY-b8b4e8a99b6739be,Đường Nguyễn Hồng Đào,Street,Phường Tân Bình,Phường Tân Bình,Tân Bình,2016,9,1,documented_report,At least one source observation matches this location and month.,Presence of a flood-report row in this public source for this named location and calendar month; not physical flood status.,calendar_month,Obs_56,SRC_7,26/09/2016,1,,1,,10.23708/8Y16HU
P-60ae113cd08ed69d,GY-0127e20e2cc9ee77,Đường Huỳnh Tấn Phát,Street,Phường Tân Mỹ,Phường Tân Mỹ,District 7,2016,9,1,documented_report,At least one source observation matches this location and month.,Presence of a flood-report row in this public source for this named location and calendar month; not physical flood status.,calendar_month,Obs_60,SRC_7,26/09/2016,1,,1,,10.23708/8Y16HU
P-3ccce84652dfc4d3,GY-7306086a2cbaa664,Đường Phan Đình Giót,Street,Phường Tân Sơn,Phường Tân Sơn,Tân Bình,2016,9,1,documented_report,At least one source observation matches this location and month.,Presence of a flood-report row in this public source for this named location and calendar month; not physical flood status.,calendar_month,Obs_55,SRC_7,26/09/2016,1,,1,,10.23708/8Y16HU
P-b9a2957effea6b7f,GY-da564c76ecd8fa2c,Đường Trường Sơn,Street,Phường Tân Sơn Hòa,Phường Tân Sơn Hòa,Tân Bình,2016,9,1,documented_report,At least one source observation matches this location and month.,Presence of a flood-report row in this public source for this named location and calendar month; not physical flood status.,calendar_month,Obs_61,SRC_7,26/09/2016,1,,1,,10.23708/8Y16HU
P-5565a8733c58c423,GY-8d313c399b688ac6,Đường Nguyễn Hữu Cảnh,Street,Phường Thạnh Mỹ Tây,Phường Thạnh Mỹ Tây,Bình Thạnh,2016,9,1,documented_report,At least one source observation matches this location and month.,Presence of a flood-report row in this public source for this named location and calendar month; not physical flood status.,calendar_month,Obs_51,SRC_7,26/09/2016,1,,1,,10.23708/8Y16HU
P-1a41f12f856e81a3,GY-9aa37b2667d2b358,Đường Cao Thắng,Street,Phường Vườn Lài,Phường Vườn Lài,District 10,2016,9,1,documented_report,At least one source observation matches this location and month.,Presence of a flood-report row in this public source for this named location and calendar month; not physical flood status.,calendar_month,Obs_250,SRC_33,27/09/2016,1,,1,,10.23708/8Y16HU
P-a39943e6573f28cd,GY-1bc0846125530ccf,Hầm Thủ Thiên,Tunnel,District 2,,District 2,2016,10,1,documented_report,At least one source observation matches this location and month.,Presence of a flood-report row in this public source for this named location and calendar month; not physical flood status.,calendar_month,Obs_14,SRC_2,26/10/2016,1,,1,,10.23708/8Y16HU
N-8fd8f518d5c2e4b5,GY-15e74b72954c2653,Sân bay Tân Sơn Nhất,Parking,Phường Bảy Hiền,Phường Bảy Hiền,Tân Bình,2016,10,0,pseudo_no_matching_record,No matching row was found in this source for this location-month; actual flood status is unknown.,Presence of a flood-report row in this public source for this named location and calendar month; not physical flood status.,calendar_month,,,,0,11,11,20261003,10.23708/8Y16HU
P-055c1c100107ad82,GY-767d31dac775215e,Sân bay,Airport,Phường Tân Sơn,Phường Tân Sơn,Tân Bình,2016,10,1,documented_report,At least one source observation matches this location and month.,Presence of a flood-report row in this public source for this named location and calendar month; not physical flood status.,calendar_month,Obs_15,SRC_2,26/10/2016,1,,1,,10.23708/8Y16HU
N-62e1561eb154441d,GY-8d313c399b688ac6,Đường Nguyễn Hữu Cảnh,Street,Phường Thạnh Mỹ Tây,Phường Thạnh Mỹ Tây,Bình Thạnh,2016,10,0,pseudo_no_matching_record,No matching row was found in this source for this location-month; actual flood status is unknown.,Presence of a flood-report row in this public source for this named location and calendar month; not physical flood status.,calendar_month,,,,0,11,11,20261003,10.23708/8Y16HU
N-8331d92e0804108d,GY-e02b487c36f6c481,Đường Lê Đức Thọ,Street,Phường An Hội Đông,Phường An Hội Đông,Gò Vấp,2016,11,0,pseudo_no_matching_record,No matching row was found in this source for this location-month; actual flood status is unknown.,Presence of a flood-report row in this public source for this named location and calendar month; not physical flood status.,calendar_month,,,,0,11,11,20261003,10.23708/8Y16HU
N-9fa00ea2a12b3f05,GY-66c7afdbabc3e462,Đường Trần Hưng Đạo,Street,Phường Cầu Ông Lãnh,Phường Cầu Ông Lãnh,District 1,2016,11,0,pseudo_no_matching_record,No matching row was found in this source for this location-month; actual flood status is unknown.,Presence of a flood-report row in this public source for this named location and calendar month; not physical flood status.,calendar_month,,,,0,11,11,20261003,10.23708/8Y16HU
N-203466ed1e97c8fe,GY-b8b4e8a99b6739be,Đường Nguyễn Hồng Đào,Street,Phường Tân Bình,Phường Tân Bình,Tân Bình,2016,11,0,pseudo_no_matching_record,No matching row was found in this source for this location-month; actual flood status is unknown.,Presence of a flood-report row in this public source for this named location and calendar month; not physical flood status.,calendar_month,,,,0,11,11,20261003,10.23708/8Y16HU
N-007f3861edcf8651,GY-1bc0846125530ccf,Hầm Thủ Thiên,Tunnel,District 2,,District 2,2016,12,0,pseudo_no_matching_record,No matching row was found in this source for this location-month; actual flood status is unknown.,Presence of a flood-report row in this public source for this named location and calendar month; not physical flood status.,calendar_month,,,,0,11,11,20261003,10.23708/8Y16HU
N-a7354136e9cb3363,GY-aacb0959ebf3ba44,Đường Thảo Điền,Street,Phường An Khánh,Phường An Khánh,District 2,2018,2,0,pseudo_no_matching_record,No matching row was found in this source for this location-month; actual flood status is unknown.,Presence of a flood-report row in this public source for this named location and calendar month; not physical flood status.,calendar_month,,,,0,9,3,20261003,10.23708/8Y16HU
N-6c7fb4f3bd0632ac,GY-2a5338b74affb6d7,Đường Phan Huy Ích,Street,Phường Tân Sơn,Phường Tân Sơn,Tân Bình,2018,2,0,pseudo_no_matching_record,No matching row was found in this source for this location-month; actual flood status is unknown.,Presence of a flood-report row in this public source for this named location and calendar month; not physical flood status.,calendar_month,,,,0,11,11,20261003,10.23708/8Y16HU
N-c40740e6f0a75c77,GY-aadf3db42318c704,Đường Lương Định Của,Street,Phường An Khánh,Phường An Khánh,District 2,2018,3,0,pseudo_no_matching_record,No matching row was found in this source for this location-month; actual flood status is unknown.,Presence of a flood-report row in this public source for this named location and calendar month; not physical flood status.,calendar_month,,,,0,11,11,20261003,10.23708/8Y16HU
P-15322cc497096f80,GY-2a5338b74affb6d7,Đường Phan Huy Ích,Street,Phường Tân Sơn,Phường Tân Sơn,Tân Bình,2018,5,1,documented_report,At least one source observation matches this location and month.,Presence of a flood-report row in this public source for this named location and calendar month; not physical flood status.,calendar_month,Obs_138,SRC_19,20/05/2018,1,,1,,10.23708/8Y16HU
P-b6e7909570e443a6,GY-aacb0959ebf3ba44,Đường Thảo Điền,Street,Phường An Khánh,Phường An Khánh,District 2,2018,6,1,documented_report,At least one source observation matches this location and month.,Presence of a flood-report row in this public source for this named location and calendar month; not physical flood status.,calendar_month,Obs_282,SRC_38,01/06/2018,1,,1,,10.23708/8Y16HU
N-03c6ea73266db144,GY-aacb0959ebf3ba44,Đường Thảo Điền,Street,Phường An Khánh,Phường An Khánh,District 2,2018,7,0,pseudo_no_matching_record,No matching row was found in this source for this location-month; actual flood status is unknown.,Presence of a flood-report row in this public source for this named location and calendar month; not physical flood status.,calendar_month,,,,0,9,3,20261003,10.23708/8Y16HU
N-baa1928224bc1141,GY-ee898dfa5217a6ad,Đường Nguyễn Thị Định,Street,Phường Bình Trưng,Phường Bình Trưng,District 2,2018,7,0,pseudo_no_matching_record,No matching row was found in this source for this location-month; actual flood status is unknown.,Presence of a flood-report row in this public source for this named location and calendar month; not physical flood status.,calendar_month,,,,0,11,11,20261003,10.23708/8Y16HU
N-d1698e45f9177abb,GY-c2cce27acc1b2565,Đường Nguyễn Hữu Cảnh,Street,Phường Thạnh Mỹ Tây,Phường Thạnh Mỹ Tây,Bình Thạnh,2018,7,0,pseudo_no_matching_record,No matching row was found in this source for this location-month; actual flood status is unknown.,Presence of a flood-report row in this public source for this named location and calendar month; not physical flood status.,calendar_month,,,,0,11,11,20261003,10.23708/8Y16HU
N-266541b83fb504f3,GY-aacb0959ebf3ba44,Đường Thảo Điền,Street,Phường An Khánh,Phường An Khánh,District 2,2018,8,0,pseudo_no_matching_record,No matching row was found in this source for this location-month; actual flood status is unknown.,Presence of a flood-report row in this public source for this named location and calendar month; not physical flood status.,calendar_month,,,,0,9,3,20261003,10.23708/8Y16HU
N-8adaeec5a81356c6,GY-e91c8a9a00c51ca5,Đường Nguyễn Duy Trinh,Street,Phường Bình Trưng,Phường Bình Trưng,District 2,2018,8,0,pseudo_no_matching_record,No matching row was found in this source for this location-month; actual flood status is unknown.,Presence of a flood-report row in this public source for this named location and calendar month; not physical flood status.,calendar_month,,,,0,11,11,20261003,10.23708/8Y16HU
P-00adbb4398d93e5e,GY-aacb0959ebf3ba44,Đường Thảo Điền,Street,Phường An Khánh,Phường An Khánh,District 2,2018,10,1,documented_report,At least one source observation matches this location and month.,Presence of a flood-report row in this public source for this named location and calendar month; not physical flood status.,calendar_month,Obs_287,SRC_38,02/10/2018,1,,1,,10.23708/8Y16HU
P-41d2690bc0e3a7b0,GY-aadf3db42318c704,Đường Lương Định Của,Street,Phường An Khánh,Phường An Khánh,District 2,2018,11,1,documented_report,At least one source observation matches this location and month.,Presence of a flood-report row in this public source for this named location and calendar month; not physical flood status.,calendar_month,Obs_271,SRC_38,25/11/2018,1,,1,,10.23708/8Y16HU
P-9cabbc96e03357bb,GY-aacb0959ebf3ba44,Đường Thảo Điền,Street,Phường An Khánh,Phường An Khánh,District 2,2018,11,1,documented_report,At least one source observation matches this location and month.,Presence of a flood-report row in this public source for this named location and calendar month; not physical flood status.,calendar_month,Obs_270|Obs_290,SRC_38,25/11/2018,2,,1,,10.23708/8Y16HU
P-a16cec26ee6e50b7,GY-e91c8a9a00c51ca5,Đường Nguyễn Duy Trinh,Street,Phường Bình Trưng,Phường Bình Trưng,District 2,2018,11,1,documented_report,At least one source observation matches this location and month.,Presence of a flood-report row in this public source for this named location and calendar month; not physical flood status.,calendar_month,Obs_272,SRC_38,25/11/2018,1,,1,,10.23708/8Y16HU
P-27ec5ce7c18fa45b,GY-ee898dfa5217a6ad,Đường Nguyễn Thị Định,Street,Phường Bình Trưng,Phường Bình Trưng,District 2,2018,11,1,documented_report,At least one source observation matches this location and month.,Presence of a flood-report row in this public source for this named location and calendar month; not physical flood status.,calendar_month,Obs_273,SRC_38,25/11/2018,1,,1,,10.23708/8Y16HU
P-74e8c4705cf75697,GY-c2cce27acc1b2565,Đường Nguyễn Hữu Cảnh,Street,Phường Thạnh Mỹ Tây,Phường Thạnh Mỹ Tây,Bình Thạnh,2018,11,1,documented_report,At least one source observation matches this location and month.,Presence of a flood-report row in this public source for this named location and calendar month; not physical flood status.,calendar_month,Obs_253,SRC_34,25/11/2018,1,,1,,10.23708/8Y16HU
N-a1f6056a48754bef,GY-8b5dc961590ee1df,Đường Quốc Hương,Street,Phường An Khánh,Phường An Khánh,District 2,2019,1,0,pseudo_no_matching_record,No matching row was found in this source for this location-month; actual flood status is unknown.,Presence of a flood-report row in this public source for this named location and calendar month; not physical flood status.,calendar_month,,,,0,11,11,20261003,10.23708/8Y16HU
N-8359e49d1e8c5a77,GY-ce4fb70c8357d430,Quốc Lộ 22,National Highway,Phường Trung Mỹ Tây,Phường Trung Mỹ Tây,Thủ Đức,2019,1,0,pseudo_no_matching_record,No matching row was found in this source for this location-month; actual flood status is unknown.,Presence of a flood-report row in this public source for this named location and calendar month; not physical flood status.,calendar_month,,,,0,11,11,20261003,10.23708/8Y16HU
P-be2ad5532871d0e0,GY-01b46fa75d667bcc,Đường Thảo Điền,Residential area,Phường An Khánh,Phường An Khánh,District 2,2019,2,1,documented_report,At least one source observation matches this location and month.,Presence of a flood-report row in this public source for this named location and calendar month; not physical flood status.,calendar_month,Obs_325,SRC_42,12/02/2019,1,,1,,10.23708/8Y16HU
N-54257b6191decf22,GY-57e4cece2ea699bc,Cầu Ông Dầu,Residential area,Phường Hiệp Bình,Phường Hiệp Bình,Thủ Đức,2019,2,0,pseudo_no_matching_record,No matching row was found in this source for this location-month; actual flood status is unknown.,Presence of a flood-report row in this public source for this named location and calendar month; not physical flood status.,calendar_month,,,,0,11,11,20261003,10.23708/8Y16HU
P-bed60577aa78505a,GY-316427b611e04bfd,Ðường Gò Ô Môi,Residential area,Phường Phú Thuận,Phường Phú Thuận,District 7,2019,2,1,documented_report,At least one source observation matches this location and month.,Presence of a flood-report row in this public source for this named location and calendar month; not physical flood status.,calendar_month,Obs_327,SRC_42,12/02/2019,1,,1,,10.23708/8Y16HU
P-92a2d5f8abc53ac3,GY-facd2c3b54650b8b,Đường Lê Văn Lương,Residential area,Phường Tân Hưng,Phường Tân Hưng,District 7,2019,2,1,documented_report,At least one source observation matches this location and month.,Presence of a flood-report row in this public source for this named location and calendar month; not physical flood status.,calendar_month,Obs_326,SRC_42,12/02/2019,1,,1,,10.23708/8Y16HU
N-7217882fddb37885,GY-506961539e3288e3,Đường Võ Văn Ngân,Street,Phường Thủ Đức,Phường Thủ Đức,Thủ Đức,2019,2,0,pseudo_no_matching_record,No matching row was found in this source for this location-month; actual flood status is unknown.,Presence of a flood-report row in this public source for this named location and calendar month; not physical flood status.,calendar_month,,,,0,11,11,20261003,10.23708/8Y16HU
N-c8377abd44ba861e,GY-66ab2158879fe8af,Xã Tân Kiên,Residential area,Xã Tân Nhựt,Xã Tân Nhựt,Bình Chánh,2019,2,0,pseudo_no_matching_record,No matching row was found in this source for this location-month; actual flood status is unknown.,Presence of a flood-report row in this public source for this named location and calendar month; not physical flood status.,calendar_month,,,,0,11,11,20261003,10.23708/8Y16HU
N-cebb6bd1cc123655,GY-7382e4764a581e53,Đường Phạm Văn Chiêu,Street,Phường An Hội Tây,Phường An Hội Tây,Gò Vấp,2019,3,0,pseudo_no_matching_record,No matching row was found in this source for this location-month; actual flood status is unknown.,Presence of a flood-report row in this public source for this named location and calendar month; not physical flood status.,calendar_month,,,,0,11,11,20261003,10.23708/8Y16HU
N-248c752378510ca5,GY-cc8b4eccaf070204,Đường Lê Văn Miến,Street,Phường An Khánh,Phường An Khánh,District 2,2019,3,0,pseudo_no_matching_record,No matching row was found in this source for this location-month; actual flood status is unknown.,Presence of a flood-report row in this public source for this named location and calendar month; not physical flood status.,calendar_month,,,,0,11,11,20261003,10.23708/8Y16HU
N-184150a7999daf3f,GY-81cee8e8550535e6,Đường số 46,Street,Phường Bình Trưng,Phường Bình Trưng,District 2,2019,3,0,pseudo_no_matching_record,No matching row was found in this source for this location-month; actual flood status is unknown.,Presence of a flood-report row in this public source for this named location and calendar month; not physical flood status.,calendar_month,,,,0,11,11,20261003,10.23708/8Y16HU
N-a5bd8ef443506b9e,GY-fdeda2fcec8e4333,Đường Nguyễn Bỉnh Khiêm,Street,Phường Sài Gòn,Phường Sài Gòn,District 1,2019,3,0,pseudo_no_matching_record,No matching row was found in this source for this location-month; actual flood status is unknown.,Presence of a flood-report row in this public source for this named location and calendar month; not physical flood status.,calendar_month,,,,0,11,11,20261003,10.23708/8Y16HU
N-b27b0b2e3e87ec8e,GY-cb4741c0f97e39b2,Đường Nguyễn Hữu Cảnh,Street,Phường Thạnh Mỹ Tây,Phường Thạnh Mỹ Tây,Bình Thạnh,2019,3,0,pseudo_no_matching_record,No matching row was found in this source for this location-month; actual flood status is unknown.,Presence of a flood-report row in this public source for this named location and calendar month; not physical flood status.,calendar_month,,,,0,11,11,20261003,10.23708/8Y16HU
P-0da822df97a66971,GY-2d2bee4fbd33c160,Đường Hồ Học lãm,Street,Phường An Lạc,Phường An Lạc,Bình Tân,2019,4,1,documented_report,At least one source observation matches this location and month.,Presence of a flood-report row in this public source for this named location and calendar month; not physical flood status.,calendar_month,Obs_341,SRC_42,11/04/2019,1,,1,,10.23708/8Y16HU
N-b50b3a5283a81fc0,GY-b2c9664b8d61577f,Đường số 48,Street,Phường Bình Trưng,Phường Bình Trưng,District 2,2019,4,0,pseudo_no_matching_record,No matching row was found in this source for this location-month; actual flood status is unknown.,Presence of a flood-report row in this public source for this named location and calendar month; not physical flood status.,calendar_month,,,,0,11,11,20261003,10.23708/8Y16HU
P-7854778cabd53875,GY-16f781d66093c205,Đường Song Hành QL2,Street,Phường Đông Hưng Thuận,Phường Đông Hưng Thuận,Thủ Đức,2019,4,1,documented_report,At least one source observation matches this location and month.,Presence of a flood-report row in this public source for this named location and calendar month; not physical flood status.,calendar_month,Obs_333,SRC_42,09/04/2019,1,,1,,10.23708/8Y16HU
P-b8a9f04f62fdf5ad,GY-57e4cece2ea699bc,Cầu Ông Dầu,Residential area,Phường Hiệp Bình,Phường Hiệp Bình,Thủ Đức,2019,4,1,documented_report,At least one source observation matches this location and month.,Presence of a flood-report row in this public source for this named location and calendar month; not physical flood status.,calendar_month,Obs_329,SRC_42,09/04/2019,1,,1,,10.23708/8Y16HU
P-f3dcdfbce4bdd94e,GY-b32a92cc4f9b957c,Đường Tô Ngọc Vân,Street,Phường Hiệp Bình,Phường Hiệp Bình,Thủ Đức,2019,4,1,documented_report,At least one source observation matches this location and month.,Presence of a flood-report row in this public source for this named location and calendar month; not physical flood status.,calendar_month,Obs_331,SRC_42,09/04/2019,1,,1,,10.23708/8Y16HU
P-62b3f2c13d35d868,GY-5630b22e94d32af0,Quốc Lộ 13,National Highway,Phường Hiệp Bình,Phường Hiệp Bình,Thủ Đức,2019,4,1,documented_report,At least one source observation matches this location and month.,Presence of a flood-report row in this public source for this named location and calendar month; not physical flood status.,calendar_month,Obs_328,SRC_42,09/04/2019,1,,1,,10.23708/8Y16HU
P-6f1f47b96a1a3b99,GY-802a59073d4b0fcd,Đường Kha Vạn Cân,Street,Phường Linh Xuân,Phường Linh Xuân,Thủ Đức,2019,4,1,documented_report,At least one source observation matches this location and month.,Presence of a flood-report row in this public source for this named location and calendar month; not physical flood status.,calendar_month,Obs_332,SRC_42,09/04/2019,1,,1,,10.23708/8Y16HU
P-f7b59948d4da3127,GY-506961539e3288e3,Đường Võ Văn Ngân,Street,Phường Thủ Đức,Phường Thủ Đức,Thủ Đức,2019,4,1,documented_report,At least one source observation matches this location and month.,Presence of a flood-report row in this public source for this named location and calendar month; not physical flood status.,calendar_month,Obs_330,SRC_42,09/04/2019,1,,1,,10.23708/8Y16HU
P-05e5b0a58485ce38,GY-16ac8d399441137c,Đường Nguyễn Ảnh Thủ,Street,Phường Trung Mỹ Tây,Phường Trung Mỹ Tây,Thủ Đức,2019,4,1,documented_report,At least one source observation matches this location and month.,Presence of a flood-report row in this public source for this named location and calendar month; not physical flood status.,calendar_month,Obs_334,SRC_42,09/04/2019,1,,1,,10.23708/8Y16HU
P-c110c400c0503ae7,GY-ce4fb70c8357d430,Quốc Lộ 22,National Highway,Phường Trung Mỹ Tây,Phường Trung Mỹ Tây,Thủ Đức,2019,4,1,documented_report,At least one source observation matches this location and month.,Presence of a flood-report row in this public source for this named location and calendar month; not physical flood status.,calendar_month,Obs_335,SRC_42,09/04/2019,1,,1,,10.23708/8Y16HU
P-22c95a181256bca3,GY-7382e4764a581e53,Đường Phạm Văn Chiêu,Street,Phường An Hội Tây,Phường An Hội Tây,Gò Vấp,2019,5,1,documented_report,At least one source observation matches this location and month.,Presence of a flood-report row in this public source for this named location and calendar month; not physical flood status.,calendar_month,Obs_122,SRC_16,10/05/2019,1,,1,,10.23708/8Y16HU
P-18055b3c159944de,GY-cc8b4eccaf070204,Đường Lê Văn Miến,Street,Phường An Khánh,Phường An Khánh,District 2,2019,5,1,documented_report,At least one source observation matches this location and month.,Presence of a flood-report row in this public source for this named location and calendar month; not physical flood status.,calendar_month,Obs_117,SRC_16,10/05/2019,1,,1,,10.23708/8Y16HU
P-c1b7ba6a45a6e211,GY-8b5dc961590ee1df,Đường Quốc Hương,Street,Phường An Khánh,Phường An Khánh,District 2,2019,5,1,documented_report,At least one source observation matches this location and month.,Presence of a flood-report row in this public source for this named location and calendar month; not physical flood status.,calendar_month,Obs_292,SRC_38,07/05/2019,1,,1,,10.23708/8Y16HU
P-599a09b12e198774,GY-3cb52586ae864233,Quốc Hương & Tống Hữu Định,Intersection,Phường An Khánh,Phường An Khánh,District 2,2019,5,1,documented_report,At least one source observation matches this location and month.,Presence of a flood-report row in this public source for this named location and calendar month; not physical flood status.,calendar_month,Obs_116,SRC_16,10/05/2019,1,,1,,10.23708/8Y16HU
P-773466e8a12524e9,GY-271531514ad8292c,Đường Nguyễn Xí,Street,Phường Bình Thạnh,Phường Bình Thạnh,Bình Thạnh,2019,5,1,documented_report,At least one source observation matches this location and month.,Presence of a flood-report row in this public source for this named location and calendar month; not physical flood status.,calendar_month,Obs_336,SRC_42,10/05/2019,1,,1,,10.23708/8Y16HU
N-335b18402b1be54d,GY-042380855e21dd3a,Đường Nguyễn Duy Trinh,Street,Phường Bình Trưng,Phường Bình Trưng,District 2,2019,5,0,pseudo_no_matching_record,No matching row was found in this source for this location-month; actual flood status is unknown.,Presence of a flood-report row in this public source for this named location and calendar month; not physical flood status.,calendar_month,,,,0,11,11,20261003,10.23708/8Y16HU
P-48fb7a503a560f02,GY-8cff3372de1c92c0,Đường số 41,Street,Phường Bình Trưng,Phường Bình Trưng,District 2,2019,5,1,documented_report,At least one source observation matches this location and month.,Presence of a flood-report row in this public source for this named location and calendar month; not physical flood status.,calendar_month,Obs_120,SRC_16,10/05/2019,1,,1,,10.23708/8Y16HU
P-1a7e3f5e44443d86,GY-81cee8e8550535e6,Đường số 46,Street,Phường Bình Trưng,Phường Bình Trưng,District 2,2019,5,1,documented_report,At least one source observation matches this location and month.,Presence of a flood-report row in this public source for this named location and calendar month; not physical flood status.,calendar_month,Obs_118,SRC_16,10/05/2019,1,,1,,10.23708/8Y16HU
P-56a7f5e0511c7dc7,GY-b2c9664b8d61577f,Đường số 48,Street,Phường Bình Trưng,Phường Bình Trưng,District 2,2019,5,1,documented_report,At least one source observation matches this location and month.,Presence of a flood-report row in this public source for this named location and calendar month; not physical flood status.,calendar_month,Obs_119,SRC_16,10/05/2019,1,,1,,10.23708/8Y16HU
P-04880303467987e0,GY-5645cc9d519aa314,Đường Tân Hương,Street,Phường Phú Thọ Hòa,Phường Phú Thọ Hòa,Tân Phú,2019,5,1,documented_report,At least one source observation matches this location and month.,Presence of a flood-report row in this public source for this named location and calendar month; not physical flood status.,calendar_month,Obs_338,SRC_42,10/05/2019,1,,1,,10.23708/8Y16HU
N-45cfa5bc17e19837,GY-316427b611e04bfd,Ðường Gò Ô Môi,Residential area,Phường Phú Thuận,Phường Phú Thuận,District 7,2019,5,0,pseudo_no_matching_record,No matching row was found in this source for this location-month; actual flood status is unknown.,Presence of a flood-report row in this public source for this named location and calendar month; not physical flood status.,calendar_month,,,,0,11,11,20261003,10.23708/8Y16HU
P-e8fecbbd3b07e33e,GY-fdeda2fcec8e4333,Đường Nguyễn Bỉnh Khiêm,Street,Phường Sài Gòn,Phường Sài Gòn,District 1,2019,5,1,documented_report,At least one source observation matches this location and month.,Presence of a flood-report row in this public source for this named location and calendar month; not physical flood status.,calendar_month,Obs_123,SRC_16,10/05/2019,1,,1,,10.23708/8Y16HU
P-71adae6c48d7492a,GY-cb4741c0f97e39b2,Đường Nguyễn Hữu Cảnh,Street,Phường Thạnh Mỹ Tây,Phường Thạnh Mỹ Tây,Bình Thạnh,2019,5,1,documented_report,At least one source observation matches this location and month.,Presence of a flood-report row in this public source for this named location and calendar month; not physical flood status.,calendar_month,Obs_115|Obs_339,SRC_16|SRC_42,10/05/2019,2,,1,,10.23708/8Y16HU
P-643c19c33c52c025,GY-3b4169dd94f9d745,Đường Nguyễn Văn Thương,Street,Phường Thạnh Mỹ Tây,Phường Thạnh Mỹ Tây,Bình Thạnh,2019,5,1,documented_report,At least one source observation matches this location and month.,Presence of a flood-report row in this public source for this named location and calendar month; not physical flood status.,calendar_month,Obs_340,SRC_42,10/05/2019,1,,1,,10.23708/8Y16HU
P-ffef936c07efa557,GY-a0cf193a0e2b8876,Đường Ung Văn Khiêm,Street,Phường Thạnh Mỹ Tây,Phường Thạnh Mỹ Tây,Bình Thạnh,2019,5,1,documented_report,At least one source observation matches this location and month.,Presence of a flood-report row in this public source for this named location and calendar month; not physical flood status.,calendar_month,Obs_337,SRC_42,10/05/2019,1,,1,,10.23708/8Y16HU
P-928f7c8c5d61eff6,GY-b3dd00883f9f6a73,Đường Cây Trâm,Street,Phường Thông Tây Hội,Phường Thông Tây Hội,Gò Vấp,2019,5,1,documented_report,At least one source observation matches this location and month.,Presence of a flood-report row in this public source for this named location and calendar month; not physical flood status.,calendar_month,Obs_121,SRC_16,10/05/2019,1,,1,,10.23708/8Y16HU
P-7ba2441e047f4b41,GY-468bb3d876638495,Ấp 3 (Quốc Lộ 1),National Highway,Xã Tân Nhựt,Xã Tân Nhựt,Bình Chánh,2019,5,1,documented_report,At least one source observation matches this location and month.,Presence of a flood-report row in this public source for this named location and calendar month; not physical flood status.,calendar_month,Obs_342,SRC_42,11/05/2019,1,,1,,10.23708/8Y16HU
P-626dd7013a270618,GY-66ab2158879fe8af,Xã Tân Kiên,Residential area,Xã Tân Nhựt,Xã Tân Nhựt,Bình Chánh,2019,5,1,documented_report,At least one source observation matches this location and month.,Presence of a flood-report row in this public source for this named location and calendar month; not physical flood status.,calendar_month,Obs_343,SRC_42,11/05/2019,1,,1,,10.23708/8Y16HU
N-7c1b6f9dfc9bbeb8,GY-3cb52586ae864233,Quốc Hương & Tống Hữu Định,Intersection,Phường An Khánh,Phường An Khánh,District 2,2019,6,0,pseudo_no_matching_record,No matching row was found in this source for this location-month; actual flood status is unknown.,Presence of a flood-report row in this public source for this named location and calendar month; not physical flood status.,calendar_month,,,,0,11,11,20261003,10.23708/8Y16HU
N-52a294d6b6110781,GY-8cff3372de1c92c0,Đường số 41,Street,Phường Bình Trưng,Phường Bình Trưng,District 2,2019,6,0,pseudo_no_matching_record,No matching row was found in this source for this location-month; actual flood status is unknown.,Presence of a flood-report row in this public source for this named location and calendar month; not physical flood status.,calendar_month,,,,0,11,11,20261003,10.23708/8Y16HU
N-e409ae78d95da721,GY-205a3ad63a0e792d,Đường Phạm Văn Đồng,Street,Phường Linh Xuân,Phường Linh Xuân,District 2,2019,6,0,pseudo_no_matching_record,No matching row was found in this source for this location-month; actual flood status is unknown.,Presence of a flood-report row in this public source for this named location and calendar month; not physical flood status.,calendar_month,,,,0,11,11,20261003,10.23708/8Y16HU
N-27ba1b8b05e06637,GY-16ac8d399441137c,Đường Nguyễn Ảnh Thủ,Street,Phường Trung Mỹ Tây,Phường Trung Mỹ Tây,Thủ Đức,2019,6,0,pseudo_no_matching_record,No matching row was found in this source for this location-month; actual flood status is unknown.,Presence of a flood-report row in this public source for this named location and calendar month; not physical flood status.,calendar_month,,,,0,11,11,20261003,10.23708/8Y16HU
N-453a67eb94f176dd,GY-de365d2519f11b37,(ĐTCK) Khu biệt thự Thảo Điền,Residential area,Phường An Khánh,Phường An Khánh,District 2,2019,7,0,pseudo_no_matching_record,No matching row was found in this source for this location-month; actual flood status is unknown.,Presence of a flood-report row in this public source for this named location and calendar month; not physical flood status.,calendar_month,,,,0,11,11,20261003,10.23708/8Y16HU
N-f8c496981b053342,GY-cc319777530c411e,Biệt thự dân cư trên đường Nguyễn Văn Hương,Residential area,Phường An Khánh,Phường An Khánh,District 2,2019,7,0,pseudo_no_matching_record,No matching row was found in this source for this location-month; actual flood status is unknown.,Presence of a flood-report row in this public source for this named location and calendar month; not physical flood status.,calendar_month,,,,0,11,11,20261003,10.23708/8Y16HU
N-1c5adb0da06ccf3a,GY-16f781d66093c205,Đường Song Hành QL2,Street,Phường Đông Hưng Thuận,Phường Đông Hưng Thuận,Thủ Đức,2019,7,0,pseudo_no_matching_record,No matching row was found in this source for this location-month; actual flood status is unknown.,Presence of a flood-report row in this public source for this named location and calendar month; not physical flood status.,calendar_month,,,,0,11,11,20261003,10.23708/8Y16HU
N-b5e93d7b9e1d0f8d,GY-76b37e674eb25246,Đường Trần Xuân Soạn,Street,Phường Tân Thuận,Phường Tân Thuận,District 7,2019,7,0,pseudo_no_matching_record,No matching row was found in this source for this location-month; actual flood status is unknown.,Presence of a flood-report row in this public source for this named location and calendar month; not physical flood status.,calendar_month,,,,0,11,11,20261003,10.23708/8Y16HU
N-d1ad738168c4291f,GY-9e650e5f2fbb1a00,Đường Nguyễn Hữu Cảnh,Residential area,Phường Thạnh Mỹ Tây,Phường Thạnh Mỹ Tây,Bình Thạnh,2019,7,0,pseudo_no_matching_record,No matching row was found in this source for this location-month; actual flood status is unknown.,Presence of a flood-report row in this public source for this named location and calendar month; not physical flood status.,calendar_month,,,,0,11,11,20261003,10.23708/8Y16HU
N-f627084250f8e92a,GY-a0cf193a0e2b8876,Đường Ung Văn Khiêm,Street,Phường Thạnh Mỹ Tây,Phường Thạnh Mỹ Tây,Bình Thạnh,2019,7,0,pseudo_no_matching_record,No matching row was found in this source for this location-month; actual flood status is unknown.,Presence of a flood-report row in this public source for this named location and calendar month; not physical flood status.,calendar_month,,,,0,11,11,20261003,10.23708/8Y16HU
N-39335086aae25ac2,GY-b32a92cc4f9b957c,Đường Tô Ngọc Vân,Street,Phường Hiệp Bình,Phường Hiệp Bình,Thủ Đức,2019,8,0,pseudo_no_matching_record,No matching row was found in this source for this location-month; actual flood status is unknown.,Presence of a flood-report row in this public source for this named location and calendar month; not physical flood status.,calendar_month,,,,0,11,11,20261003,10.23708/8Y16HU
N-e65d438e1d4b75f2,GY-01b46fa75d667bcc,Đường Thảo Điền,Residential area,Phường An Khánh,Phường An Khánh,District 2,2019,9,0,pseudo_no_matching_record,No matching row was found in this source for this location-month; actual flood status is unknown.,Presence of a flood-report row in this public source for this named location and calendar month; not physical flood status.,calendar_month,,,,0,11,11,20261003,10.23708/8Y16HU
P-ed9ce92a9007ea5d,GY-042380855e21dd3a,Đường Nguyễn Duy Trinh,Street,Phường Bình Trưng,Phường Bình Trưng,District 2,2019,9,1,documented_report,At least one source observation matches this location and month.,Presence of a flood-report row in this public source for this named location and calendar month; not physical flood status.,calendar_month,Obs_293|Obs_294,SRC_38,14/09/2019|15/09/2019,2,,1,,10.23708/8Y16HU
P-33d693d340f48ccf,GY-5bc4052788ff386d,Đường Mễ Cốc,Street,Phường Phú Định,Phường Phú Định,District 8,2019,9,1,documented_report,At least one source observation matches this location and month.,Presence of a flood-report row in this public source for this named location and calendar month; not physical flood status.,calendar_month,Obs_124,SRC_17,30/09/2019,1,,1,,10.23708/8Y16HU
P-8e9060aa73eb5f91,GY-76b37e674eb25246,Đường Trần Xuân Soạn,Street,Phường Tân Thuận,Phường Tân Thuận,District 7,2019,9,1,documented_report,At least one source observation matches this location and month.,Presence of a flood-report row in this public source for this named location and calendar month; not physical flood status.,calendar_month,Obs_125,SRC_17,30/09/2019,1,,1,,10.23708/8Y16HU
P-d51ae8397823a385,GY-9e650e5f2fbb1a00,Đường Nguyễn Hữu Cảnh,Residential area,Phường Thạnh Mỹ Tây,Phường Thạnh Mỹ Tây,Bình Thạnh,2019,9,1,documented_report,At least one source observation matches this location and month.,Presence of a flood-report row in this public source for this named location and calendar month; not physical flood status.,calendar_month,Obs_320,SRC_41,29/09/2019,1,,1,,10.23708/8Y16HU
P-0b547deeaea8d51c,GY-de365d2519f11b37,(ĐTCK) Khu biệt thự Thảo Điền,Residential area,Phường An Khánh,Phường An Khánh,District 2,2019,10,1,documented_report,At least one source observation matches this location and month.,Presence of a flood-report row in this public source for this named location and calendar month; not physical flood status.,calendar_month,Obs_318,SRC_41,01/10/2019,1,,1,,10.23708/8Y16HU
P-0eae79a675ff00a6,GY-cc319777530c411e,Biệt thự dân cư trên đường Nguyễn Văn Hương,Residential area,Phường An Khánh,Phường An Khánh,District 2,2019,10,1,documented_report,At least one source observation matches this location and month.,Presence of a flood-report row in this public source for this named location and calendar month; not physical flood status.,calendar_month,Obs_319,SRC_41,02/10/2019,1,,1,,10.23708/8Y16HU
N-4f53a1a86c330708,GY-802a59073d4b0fcd,Đường Kha Vạn Cân,Street,Phường Linh Xuân,Phường Linh Xuân,Thủ Đức,2019,10,0,pseudo_no_matching_record,No matching row was found in this source for this location-month; actual flood status is unknown.,Presence of a flood-report row in this public source for this named location and calendar month; not physical flood status.,calendar_month,,,,0,11,11,20261003,10.23708/8Y16HU
N-aed01a7f1077b0d2,GY-facd2c3b54650b8b,Đường Lê Văn Lương,Residential area,Phường Tân Hưng,Phường Tân Hưng,District 7,2019,10,0,pseudo_no_matching_record,No matching row was found in this source for this location-month; actual flood status is unknown.,Presence of a flood-report row in this public source for this named location and calendar month; not physical flood status.,calendar_month,,,,0,11,11,20261003,10.23708/8Y16HU
N-dc3026bdb1d22763,GY-b3dd00883f9f6a73,Đường Cây Trâm,Street,Phường Thông Tây Hội,Phường Thông Tây Hội,Gò Vấp,2019,10,0,pseudo_no_matching_record,No matching row was found in this source for this location-month; actual flood status is unknown.,Presence of a flood-report row in this public source for this named location and calendar month; not physical flood status.,calendar_month,,,,0,11,11,20261003,10.23708/8Y16HU
N-ff1464e8a56fca4c,GY-5630b22e94d32af0,Quốc Lộ 13,National Highway,Phường Hiệp Bình,Phường Hiệp Bình,Thủ Đức,2019,11,0,pseudo_no_matching_record,No matching row was found in this source for this location-month; actual flood status is unknown.,Presence of a flood-report row in this public source for this named location and calendar month; not physical flood status.,calendar_month,,,,0,11,11,20261003,10.23708/8Y16HU
P-87d8b9df3c6fc05c,GY-205a3ad63a0e792d,Đường Phạm Văn Đồng,Street,Phường Linh Xuân,Phường Linh Xuân,District 2,2019,11,1,documented_report,At least one source observation matches this location and month.,Presence of a flood-report row in this public source for this named location and calendar month; not physical flood status.,calendar_month,Obs_296,SRC_38,25/11/2019,1,,1,,10.23708/8Y16HU
N-fd6c574ffed03e54,GY-5bc4052788ff386d,Đường Mễ Cốc,Street,Phường Phú Định,Phường Phú Định,District 8,2019,11,0,pseudo_no_matching_record,No matching row was found in this source for this location-month; actual flood status is unknown.,Presence of a flood-report row in this public source for this named location and calendar month; not physical flood status.,calendar_month,,,,0,11,11,20261003,10.23708/8Y16HU
P-98f0445f02cbe4ec,GY-a11bd7ae047d6d06,Đường Đỗ Xuân Hợp,Street,Phường Phước Long,Phường Phước Long,District 2,2019,11,1,documented_report,At least one source observation matches this location and month.,Presence of a flood-report row in this public source for this named location and calendar month; not physical flood status.,calendar_month,Obs_297,SRC_38,25/11/2019,1,,1,,10.23708/8Y16HU
N-136ad7877fa7c55d,GY-3b4169dd94f9d745,Đường Nguyễn Văn Thương,Street,Phường Thạnh Mỹ Tây,Phường Thạnh Mỹ Tây,Bình Thạnh,2019,11,0,pseudo_no_matching_record,No matching row was found in this source for this location-month; actual flood status is unknown.,Presence of a flood-report row in this public source for this named location and calendar month; not physical flood status.,calendar_month,,,,0,11,11,20261003,10.23708/8Y16HU
N-0699415e3ef757ba,GY-468bb3d876638495,Ấp 3 (Quốc Lộ 1),National Highway,Xã Tân Nhựt,Xã Tân Nhựt,Bình Chánh,2019,11,0,pseudo_no_matching_record,No matching row was found in this source for this location-month; actual flood status is unknown.,Presence of a flood-report row in this public source for this named location and calendar month; not physical flood status.,calendar_month,,,,0,11,11,20261003,10.23708/8Y16HU
N-c3fac246e23655cf,GY-2d2bee4fbd33c160,Đường Hồ Học lãm,Street,Phường An Lạc,Phường An Lạc,Bình Tân,2019,12,0,pseudo_no_matching_record,No matching row was found in this source for this location-month; actual flood status is unknown.,Presence of a flood-report row in this public source for this named location and calendar month; not physical flood status.,calendar_month,,,,0,11,11,20261003,10.23708/8Y16HU
N-8fcc9be61a5a407b,GY-271531514ad8292c,Đường Nguyễn Xí,Street,Phường Bình Thạnh,Phường Bình Thạnh,Bình Thạnh,2019,12,0,pseudo_no_matching_record,No matching row was found in this source for this location-month; actual flood status is unknown.,Presence of a flood-report row in this public source for this named location and calendar month; not physical flood status.,calendar_month,,,,0,11,11,20261003,10.23708/8Y16HU
N-7fc2b6b1e14a20ff,GY-5645cc9d519aa314,Đường Tân Hương,Street,Phường Phú Thọ Hòa,Phường Phú Thọ Hòa,Tân Phú,2019,12,0,pseudo_no_matching_record,No matching row was found in this source for this location-month; actual flood status is unknown.,Presence of a flood-report row in this public source for this named location and calendar month; not physical flood status.,calendar_month,,,,0,11,11,20261003,10.23708/8Y16HU
N-7d6e7613a7f1e9b6,GY-a11bd7ae047d6d06,Đường Đỗ Xuân Hợp,Street,Phường Phước Long,Phường Phước Long,District 2,2019,12,0,pseudo_no_matching_record,No matching row was found in this source for this location-month; actual flood status is unknown.,Presence of a flood-report row in this public source for this named location and calendar month; not physical flood status.,calendar_month,,,,0,11,11,20261003,10.23708/8Y16HU
N-e688731a7d34dd7b,GY-669ba3c5bc49f5d0,Đường Quốc Hương,Street,Phường An Khánh,Phường An Khánh,District 2,2020,1,0,pseudo_no_matching_record,No matching row was found in this source for this location-month; actual flood status is unknown.,Presence of a flood-report row in this public source for this named location and calendar month; not physical flood status.,calendar_month,,,,0,10,5,20261003,10.23708/8Y16HU
N-bee454b8bc10a143,GY-3dfd92fa4970895c,Đường Võ Văn Ngân,Street,Thủ Đức,Thủ Đức,Thủ Đức,2020,1,0,pseudo_no_matching_record,No matching row was found in this source for this location-month; actual flood status is unknown.,Presence of a flood-report row in this public source for this named location and calendar month; not physical flood status.,calendar_month,,,,0,11,11,20261003,10.23708/8Y16HU
N-9f09646101f54e40,GY-b8320ae4ff11da2c,Đường Thảo Điền,Street,Phường An Khánh,Phường An Khánh,District 2,2020,2,0,pseudo_no_matching_record,No matching row was found in this source for this location-month; actual flood status is unknown.,Presence of a flood-report row in this public source for this named location and calendar month; not physical flood status.,calendar_month,,,,0,10,5,20261003,10.23708/8Y16HU
N-8455ce80aac62b81,GY-10674998bec42209,Đường Nguyễn Văn Hưởng,Street,Phường An Khánh,Phường An Khánh,District 2,2020,5,0,pseudo_no_matching_record,No matching row was found in this source for this location-month; actual flood status is unknown.,Presence of a flood-report row in this public source for this named location and calendar month; not physical flood status.,calendar_month,,,,0,11,11,20261003,10.23708/8Y16HU
P-6997925ffd494bf7,GY-669ba3c5bc49f5d0,Đường Quốc Hương,Street,Phường An Khánh,Phường An Khánh,District 2,2020,5,1,documented_report,At least one source observation matches this location and month.,Presence of a flood-report row in this public source for this named location and calendar month; not physical flood status.,calendar_month,Obs_300,SRC_38,27/05/2020,1,,1,,10.23708/8Y16HU
P-befc2afbe30d2f9a,GY-b8320ae4ff11da2c,Đường Thảo Điền,Street,Phường An Khánh,Phường An Khánh,District 2,2020,5,1,documented_report,At least one source observation matches this location and month.,Presence of a flood-report row in this public source for this named location and calendar month; not physical flood status.,calendar_month,Obs_299,SRC_38,27/05/2020,1,,1,,10.23708/8Y16HU
P-85c36297b620632f,GY-d6b6d8a8ce713a4c,Đường Nguyễn Duy Trinh,Street,Phường Bình Trưng,Phường Bình Trưng,District 2,2020,5,1,documented_report,At least one source observation matches this location and month.,Presence of a flood-report row in this public source for this named location and calendar month; not physical flood status.,calendar_month,Obs_303,SRC_38,27/05/2020,1,,1,,10.23708/8Y16HU
N-cbeda165f91ed51b,GY-4160d80ce333b6d0,Đường Nguyễn Hữu Cảnh,Street,Phường Thạnh Mỹ Tây,Phường Thạnh Mỹ Tây,Bình Thạnh,2020,5,0,pseudo_no_matching_record,No matching row was found in this source for this location-month; actual flood status is unknown.,Presence of a flood-report row in this public source for this named location and calendar month; not physical flood status.,calendar_month,,,,0,11,11,20261003,10.23708/8Y16HU
P-c5c308a20962145c,GY-10674998bec42209,Đường Nguyễn Văn Hưởng,Street,Phường An Khánh,Phường An Khánh,District 2,2020,8,1,documented_report,At least one source observation matches this location and month.,Presence of a flood-report row in this public source for this named location and calendar month; not physical flood status.,calendar_month,Obs_301,SRC_38,07/08/2020,1,,1,,10.23708/8Y16HU
P-bff2f940b9749803,GY-669ba3c5bc49f5d0,Đường Quốc Hương,Street,Phường An Khánh,Phường An Khánh,District 2,2020,8,1,documented_report,At least one source observation matches this location and month.,Presence of a flood-report row in this public source for this named location and calendar month; not physical flood status.,calendar_month,Obs_16,SRC_3,06/08/2020,1,,1,,10.23708/8Y16HU
P-45b96166e629e8e0,GY-b8320ae4ff11da2c,Đường Thảo Điền,Street,Phường An Khánh,Phường An Khánh,District 2,2020,8,1,documented_report,At least one source observation matches this location and month.,Presence of a flood-report row in this public source for this named location and calendar month; not physical flood status.,calendar_month,Obs_302,SRC_38,07/08/2020,1,,1,,10.23708/8Y16HU
P-5ff65db1b3af47f3,GY-452a14ddee99e995,Phường Thảo Điền,Ward,Phường An Khánh,Phường An Khánh,District 2,2020,8,1,documented_report,At least one source observation matches this location and month.,Presence of a flood-report row in this public source for this named location and calendar month; not physical flood status.,calendar_month,Obs_21,SRC_3,07/08/2020,1,,1,,10.23708/8Y16HU
P-0ec4d5ce4d290a7d,GY-9ba2285bcb01dbdc,Đường Tô Ngọc Vân,Street,Phường Hiệp Bình,Phường Hiệp Bình,Thủ Đức,2020,8,1,documented_report,At least one source observation matches this location and month.,Presence of a flood-report row in this public source for this named location and calendar month; not physical flood status.,calendar_month,Obs_19,SRC_3,06/08/2020,1,,1,,10.23708/8Y16HU
P-5c643080259a4a46,GY-4160d80ce333b6d0,Đường Nguyễn Hữu Cảnh,Street,Phường Thạnh Mỹ Tây,Phường Thạnh Mỹ Tây,Bình Thạnh,2020,8,1,documented_report,At least one source observation matches this location and month.,Presence of a flood-report row in this public source for this named location and calendar month; not physical flood status.,calendar_month,Obs_17,SRC_3,06/08/2020,1,,1,,10.23708/8Y16HU
P-c38b7fdb005af735,GY-02e2c0a06864061b,Đường Ung Văn Khiêm,Street,Phường Thạnh Mỹ Tây,Phường Thạnh Mỹ Tây,Bình Thạnh,2020,8,1,documented_report,At least one source observation matches this location and month.,Presence of a flood-report row in this public source for this named location and calendar month; not physical flood status.,calendar_month,Obs_18,SRC_3,06/08/2020,1,,1,,10.23708/8Y16HU
P-9bcde037be4ab454,GY-3dfd92fa4970895c,Đường Võ Văn Ngân,Street,Thủ Đức,Thủ Đức,Thủ Đức,2020,8,1,documented_report,At least one source observation matches this location and month.,Presence of a flood-report row in this public source for this named location and calendar month; not physical flood status.,calendar_month,Obs_20,SRC_3,06/08/2020,1,,1,,10.23708/8Y16HU
N-ed3dded11989780c,GY-669ba3c5bc49f5d0,Đường Quốc Hương,Street,Phường An Khánh,Phường An Khánh,District 2,2020,9,0,pseudo_no_matching_record,No matching row was found in this source for this location-month; actual flood status is unknown.,Presence of a flood-report row in this public source for this named location and calendar month; not physical flood status.,calendar_month,,,,0,10,5,20261003,10.23708/8Y16HU
N-f3a4b26e2e0cb862,GY-02e2c0a06864061b,Đường Ung Văn Khiêm,Street,Phường Thạnh Mỹ Tây,Phường Thạnh Mỹ Tây,Bình Thạnh,2020,9,0,pseudo_no_matching_record,No matching row was found in this source for this location-month; actual flood status is unknown.,Presence of a flood-report row in this public source for this named location and calendar month; not physical flood status.,calendar_month,,,,0,11,11,20261003,10.23708/8Y16HU
N-61b617e6ab12b966,GY-d6b6d8a8ce713a4c,Đường Nguyễn Duy Trinh,Street,Phường Bình Trưng,Phường Bình Trưng,District 2,2020,10,0,pseudo_no_matching_record,No matching row was found in this source for this location-month; actual flood status is unknown.,Presence of a flood-report row in this public source for this named location and calendar month; not physical flood status.,calendar_month,,,,0,11,11,20261003,10.23708/8Y16HU
N-479d972f329bf41b,GY-9ba2285bcb01dbdc,Đường Tô Ngọc Vân,Street,Phường Hiệp Bình,Phường Hiệp Bình,Thủ Đức,2020,11,0,pseudo_no_matching_record,No matching row was found in this source for this location-month; actual flood status is unknown.,Presence of a flood-report row in this public source for this named location and calendar month; not physical flood status.,calendar_month,,,,0,11,11,20261003,10.23708/8Y16HU
N-38f207adc93e11ae,GY-b8320ae4ff11da2c,Đường Thảo Điền,Street,Phường An Khánh,Phường An Khánh,District 2,2020,12,0,pseudo_no_matching_record,No matching row was found in this source for this location-month; actual flood status is unknown.,Presence of a flood-report row in this public source for this named location and calendar month; not physical flood status.,calendar_month,,,,0,10,5,20261003,10.23708/8Y16HU
N-54eba758271bb106,GY-452a14ddee99e995,Phường Thảo Điền,Ward,Phường An Khánh,Phường An Khánh,District 2,2020,12,0,pseudo_no_matching_record,No matching row was found in this source for this location-month; actual flood status is unknown.,Presence of a flood-report row in this public source for this named location and calendar month; not physical flood status.,calendar_month,,,,0,11,11,20261003,10.23708/8Y16HU
N-7b102f867c6b1aad,GY-70083364449a50f2,Đường Lê Lai,Street,Phường Bến Thành,Phường Bến Thành,District 1,2022,3,0,pseudo_no_matching_record,No matching row was found in this source for this location-month; actual flood status is unknown.,Presence of a flood-report row in this public source for this named location and calendar month; not physical flood status.,calendar_month,,,,0,11,11,20261003,10.23708/8Y16HU
P-cf8f96ab03cbff6e,GY-698a64dd45e51c80,Đường Phan Đình Phùng,Street,Phường An Khánh,Phường An Khánh,District 2,2022,6,1,documented_report,At least one source observation matches this location and month.,Presence of a flood-report row in this public source for this named location and calendar month; not physical flood status.,calendar_month,Obs_67,SRC_8,21/06/2022,1,,1,,10.23708/8Y16HU
P-1a9e3ce21d4f6933,GY-fd3ceb5a82213ea0,Đường Bùi Viện,Street,Phường Bến Thành,Phường Bến Thành,District 1,2022,6,1,documented_report,At least one source observation matches this location and month.,Presence of a flood-report row in this public source for this named location and calendar month; not physical flood status.,calendar_month,Obs_62,SRC_8,21/06/2022,1,,1,,10.23708/8Y16HU
P-131bf506cb216578,GY-70083364449a50f2,Đường Lê Lai,Street,Phường Bến Thành,Phường Bến Thành,District 1,2022,6,1,documented_report,At least one source observation matches this location and month.,Presence of a flood-report row in this public source for this named location and calendar month; not physical flood status.,calendar_month,Obs_64,SRC_8,21/06/2022,1,,1,,10.23708/8Y16HU
P-c581e373826de845,GY-d24ddd2e059bf7c3,Đường Lê Lợi,Street,Phường Bến Thành,Phường Bến Thành,District 1,2022,6,1,documented_report,At least one source observation matches this location and month.,Presence of a flood-report row in this public source for this named location and calendar month; not physical flood status.,calendar_month,Obs_65,SRC_8,21/06/2022,1,,1,,10.23708/8Y16HU
P-fce0b7924debfc80,GY-03e6fea75269c9fe,Đường Cống Quỳnh,Street,Phường Cầu Ông Lãnh,Phường Cầu Ông Lãnh,District 1,2022,6,1,documented_report,At least one source observation matches this location and month.,Presence of a flood-report row in this public source for this named location and calendar month; not physical flood status.,calendar_month,Obs_63,SRC_8,21/06/2022,1,,1,,10.23708/8Y16HU
P-323081fffd6ba636,GY-4b7e3d17612c2a88,Đường Tô Ngọc Vân,Street,Phường Hiệp Bình,Phường Hiệp Bình,Thủ Đức,2022,6,1,documented_report,At least one source observation matches this location and month.,Presence of a flood-report row in this public source for this named location and calendar month; not physical flood status.,calendar_month,Obs_66,SRC_8,21/06/2022,1,,1,,10.23708/8Y16HU
N-73f63c3b30b79616,GY-d24ddd2e059bf7c3,Đường Lê Lợi,Street,Phường Bến Thành,Phường Bến Thành,District 1,2022,7,0,pseudo_no_matching_record,No matching row was found in this source for this location-month; actual flood status is unknown.,Presence of a flood-report row in this public source for this named location and calendar month; not physical flood status.,calendar_month,,,,0,11,11,20261003,10.23708/8Y16HU
N-7005d7ffd8733ed1,GY-fd3ceb5a82213ea0,Đường Bùi Viện,Street,Phường Bến Thành,Phường Bến Thành,District 1,2022,8,0,pseudo_no_matching_record,No matching row was found in this source for this location-month; actual flood status is unknown.,Presence of a flood-report row in this public source for this named location and calendar month; not physical flood status.,calendar_month,,,,0,11,11,20261003,10.23708/8Y16HU
N-2a687e62ea0cb3bf,GY-4b7e3d17612c2a88,Đường Tô Ngọc Vân,Street,Phường Hiệp Bình,Phường Hiệp Bình,Thủ Đức,2022,9,0,pseudo_no_matching_record,No matching row was found in this source for this location-month; actual flood status is unknown.,Presence of a flood-report row in this public source for this named location and calendar month; not physical flood status.,calendar_month,,,,0,11,11,20261003,10.23708/8Y16HU
N-c704c004edbe7e4a,GY-698a64dd45e51c80,Đường Phan Đình Phùng,Street,Phường An Khánh,Phường An Khánh,District 2,2022,10,0,pseudo_no_matching_record,No matching row was found in this source for this location-month; actual flood status is unknown.,Presence of a flood-report row in this public source for this named location and calendar month; not physical flood status.,calendar_month,,,,0,11,11,20261003,10.23708/8Y16HU
N-1866ecf6898a4368,GY-03e6fea75269c9fe,Đường Cống Quỳnh,Street,Phường Cầu Ông Lãnh,Phường Cầu Ông Lãnh,District 1,2022,10,0,pseudo_no_matching_record,No matching row was found in this source for this location-month; actual flood status is unknown.,Presence of a flood-report row in this public source for this named location and calendar month; not physical flood status.,calendar_month,,,,0,11,11,20261003,10.23708/8Y16HU
N-bc718615bc6651cb,GY-2a0102743da8a823,Đường Văn Cam,Street,Phường Linh Xuân,Phường Linh Xuân,Thủ Đức,2023,1,0,pseudo_no_matching_record,No matching row was found in this source for this location-month; actual flood status is unknown.,Presence of a flood-report row in this public source for this named location and calendar month; not physical flood status.,calendar_month,,,,0,11,11,20261003,10.23708/8Y16HU
N-0fd97432866291b9,GY-7254e84db0b719c6,Đường Lã Xuân Oai,Street,Phường Long Trường,Phường Long Trường,District 9,2023,1,0,pseudo_no_matching_record,No matching row was found in this source for this location-month; actual flood status is unknown.,Presence of a flood-report row in this public source for this named location and calendar month; not physical flood status.,calendar_month,,,,0,11,11,20261003,10.23708/8Y16HU
N-dd16b9211b3b1eae,GY-eca4003203a75c30,Đường Huỳnh Tấn Phát,Street,Phường Tân Mỹ,Phường Tân Mỹ,District 7,2023,1,0,pseudo_no_matching_record,No matching row was found in this source for this location-month; actual flood status is unknown.,Presence of a flood-report row in this public source for this named location and calendar month; not physical flood status.,calendar_month,,,,0,11,11,20261003,10.23708/8Y16HU
N-362ffc2036d3ad1d,GY-0d797a47849b1d49,Đường Sinco,Street,Phường An Lạc,Phường An Lạc,Bình Tân,2023,2,0,pseudo_no_matching_record,No matching row was found in this source for this location-month; actual flood status is unknown.,Presence of a flood-report row in this public source for this named location and calendar month; not physical flood status.,calendar_month,,,,0,11,11,20261003,10.23708/8Y16HU
N-0206a0a411fc3849,GY-d7dfb7679615b7ae,Đường Phạm Đức Sơn,Street,Phường Phú Định,Phường Phú Định,District 8,2023,2,0,pseudo_no_matching_record,No matching row was found in this source for this location-month; actual flood status is unknown.,Presence of a flood-report row in this public source for this named location and calendar month; not physical flood status.,calendar_month,,,,0,11,11,20261003,10.23708/8Y16HU
N-a5acf0e58a47b7ae,GY-59345924f7fb4565,Đường Nguyễn Ngọc Cung,Street,Phường Phú Định,Phường Phú Định,District 8,2023,3,0,pseudo_no_matching_record,No matching row was found in this source for this location-month; actual flood status is unknown.,Presence of a flood-report row in this public source for this named location and calendar month; not physical flood status.,calendar_month,,,,0,11,11,20261003,10.23708/8Y16HU
N-d11f8be04b4bc9db,GY-208c35e803813ab6,Kinh Dương Vương,Street,Phường Phú Lâm,Phường Phú Lâm,Bình Tân,2023,3,0,pseudo_no_matching_record,No matching row was found in this source for this location-month; actual flood status is unknown.,Presence of a flood-report row in this public source for this named location and calendar month; not physical flood status.,calendar_month,,,,0,11,11,20261003,10.23708/8Y16HU
N-160b6356af43ce0a,GY-6327024607b0a921,Đường Nguyễn Văn Khối,Street,Phường Thông Tây Hội,Phường Thông Tây Hội,Gò Vấp,2023,3,0,pseudo_no_matching_record,No matching row was found in this source for this location-month; actual flood status is unknown.,Presence of a flood-report row in this public source for this named location and calendar month; not physical flood status.,calendar_month,,,,0,11,11,20261003,10.23708/8Y16HU
N-d538a9ce46f6386e,GY-4da8aa93986ac03c,Đường Nguyễn Văn Khối,Street,Thông Tây Hội,Thông Tây Hội,Gò Vấp,2023,3,0,pseudo_no_matching_record,No matching row was found in this source for this location-month; actual flood status is unknown.,Presence of a flood-report row in this public source for this named location and calendar month; not physical flood status.,calendar_month,,,,0,11,11,20261003,10.23708/8Y16HU
N-993e569bf761c28c,GY-c603d8a49723bedd,Đường Phạm Văn Chiêu,Street,Phường An Hội Đông,Phường An Hội Đông,Gò Vấp,2023,4,0,pseudo_no_matching_record,No matching row was found in this source for this location-month; actual flood status is unknown.,Presence of a flood-report row in this public source for this named location and calendar month; not physical flood status.,calendar_month,,,,0,11,11,20261003,10.23708/8Y16HU
N-940efb234fbd773e,GY-38cc60db7d394843,Đường Hồ Văn Tư,Street,Phường Thủ Đức,Phường Thủ Đức,Thủ Đức,2023,4,0,pseudo_no_matching_record,No matching row was found in this source for this location-month; actual flood status is unknown.,Presence of a flood-report row in this public source for this named location and calendar month; not physical flood status.,calendar_month,,,,0,11,11,20261003,10.23708/8Y16HU
N-10776889abcfc985,GY-9699c612b5dac465,Đường Lê Cơ,Street,Phường An Lạc,Phường An Lạc,Bình Tân,2023,5,0,pseudo_no_matching_record,No matching row was found in this source for this location-month; actual flood status is unknown.,Presence of a flood-report row in this public source for this named location and calendar month; not physical flood status.,calendar_month,,,,0,11,11,20261003,10.23708/8Y16HU
P-f23856330210dee1,GY-aa581be775f6277a,Đường Tô Ngọc Vân,Street,Phường Hiệp Bình,Phường Hiệp Bình,Thủ Đức,2023,5,1,documented_report,At least one source observation matches this location and month.,Presence of a flood-report row in this public source for this named location and calendar month; not physical flood status.,calendar_month,Obs_68,SRC_9,06/05/2023,1,,1,,10.23708/8Y16HU
N-ff09c6b8a317fc9a,GY-c3c8f0456a568587,Đường Đặng Thị Rành,Street,Phường Linh Xuân,Phường Linh Xuân,Thủ Đức,2023,5,0,pseudo_no_matching_record,No matching row was found in this source for this location-month; actual flood status is unknown.,Presence of a flood-report row in this public source for this named location and calendar month; not physical flood status.,calendar_month,,,,0,11,11,20261003,10.23708/8Y16HU
N-2f9b93ab880019c5,GY-14b7ae3b70bb9175,Đường Trần Xuân Soạn,Street,Phường Tân Hưng,Phường Tân Hưng,District 7,2023,5,0,pseudo_no_matching_record,No matching row was found in this source for this location-month; actual flood status is unknown.,Presence of a flood-report row in this public source for this named location and calendar month; not physical flood status.,calendar_month,,,,0,11,11,20261003,10.23708/8Y16HU
N-d78b01eb58c051cc,GY-fa186821eb63b88a,Phường An Thạnh,Residential area,Phường Thuận An,Phường Thuận An,,2023,5,0,pseudo_no_matching_record,No matching row was found in this source for this location-month; actual flood status is unknown.,Presence of a flood-report row in this public source for this named location and calendar month; not physical flood status.,calendar_month,,,,0,11,11,20261003,10.23708/8Y16HU
N-2d1e40c439010ba3,GY-41f587394514e452,Đường Lê Đức Thọ,Street,Phường An Hội Đông,Phường An Hội Đông,Gò Vấp,2023,6,0,pseudo_no_matching_record,No matching row was found in this source for this location-month; actual flood status is unknown.,Presence of a flood-report row in this public source for this named location and calendar month; not physical flood status.,calendar_month,,,,0,11,11,20261003,10.23708/8Y16HU
N-d981785d9519bd40,GY-7596cb1faea03559,Đường Hồ Học Lãm,Street,Phường An Lạc,Phường An Lạc,Bình Tân,2023,6,0,pseudo_no_matching_record,No matching row was found in this source for this location-month; actual flood status is unknown.,Presence of a flood-report row in this public source for this named location and calendar month; not physical flood status.,calendar_month,,,,0,11,11,20261003,10.23708/8Y16HU
N-69ca9bbd7a7f8ff1,GY-33a7036e34407929,"Quốc lộ 1, đoạn qua Công ty TNHH PouYuen Việt Nam",National Highway,Phường An Lạc,Phường An Lạc,Bình Tân,2023,7,0,pseudo_no_matching_record,No matching row was found in this source for this location-month; actual flood status is unknown.,Presence of a flood-report row in this public source for this named location and calendar month; not physical flood status.,calendar_month,,,,0,11,11,20261003,10.23708/8Y16HU
N-01a356d355e78017,GY-f7c06e929918d2d5,Đường Lê Văn Thọ,Street,Thông Tây Hội,Thông Tây Hội,Gò Vấp,2023,7,0,pseudo_no_matching_record,No matching row was found in this source for this location-month; actual flood status is unknown.,Presence of a flood-report row in this public source for this named location and calendar month; not physical flood status.,calendar_month,,,,0,11,11,20261003,10.23708/8Y16HU
N-f721549c5f2fab56,GY-a60e04d5b0a4c4a2,Quốc Lộ 50,Street,Xã Bình Hưng,Xã Bình Hưng,Bình Chánh,2023,7,0,pseudo_no_matching_record,No matching row was found in this source for this location-month; actual flood status is unknown.,Presence of a flood-report row in this public source for this named location and calendar month; not physical flood status.,calendar_month,,,,0,11,11,20261003,10.23708/8Y16HU
N-0a1f1341a559b7d9,GY-3d3c55db3329629b,Đường Thảo Điền,Street,Phường An Khánh,Phường An Khánh,District 2,2023,8,0,pseudo_no_matching_record,No matching row was found in this source for this location-month; actual flood status is unknown.,Presence of a flood-report row in this public source for this named location and calendar month; not physical flood status.,calendar_month,,,,0,11,11,20261003,10.23708/8Y16HU
N-c06e1fe457f53329,GY-aa581be775f6277a,Đường Tô Ngọc Vân,Street,Phường Hiệp Bình,Phường Hiệp Bình,Thủ Đức,2023,8,0,pseudo_no_matching_record,No matching row was found in this source for this location-month; actual flood status is unknown.,Presence of a flood-report row in this public source for this named location and calendar month; not physical flood status.,calendar_month,,,,0,11,11,20261003,10.23708/8Y16HU
P-49cb37fb2a082a15,GY-27fa2a1d09c5dd33,Ngã tư An Sương,Intersection,Đông Hưng Thuận,Đông Hưng Thuận,District 12,2023,10,1,documented_report,At least one source observation matches this location and month.,Presence of a flood-report row in this public source for this named location and calendar month; not physical flood status.,calendar_month,Obs_28,SRC_4,23/10/2023,1,,1,,10.23708/8Y16HU
P-e59909b482bdf6a4,GY-41f587394514e452,Đường Lê Đức Thọ,Street,Phường An Hội Đông,Phường An Hội Đông,Gò Vấp,2023,10,1,documented_report,At least one source observation matches this location and month.,Presence of a flood-report row in this public source for this named location and calendar month; not physical flood status.,calendar_month,Obs_257,SRC_35,10/10/2023,1,,1,,10.23708/8Y16HU
P-c9c0ac3fd389be43,GY-c603d8a49723bedd,Đường Phạm Văn Chiêu,Street,Phường An Hội Đông,Phường An Hội Đông,Gò Vấp,2023,10,1,documented_report,At least one source observation matches this location and month.,Presence of a flood-report row in this public source for this named location and calendar month; not physical flood status.,calendar_month,Obs_259,SRC_35,10/10/2023,1,,1,,10.23708/8Y16HU
P-b619403a08ea2b3c,GY-780ccdf96dde46a9,Đường Quốc Hương,Street,Phường An Khánh,Phường An Khánh,District 2,2023,10,1,documented_report,At least one source observation matches this location and month.,Presence of a flood-report row in this public source for this named location and calendar month; not physical flood status.,calendar_month,Obs_241|Obs_261,SRC_30|SRC_35,10/10/2023|16/10/2023,2,,1,,10.23708/8Y16HU
P-b632052a912a2a83,GY-3d3c55db3329629b,Đường Thảo Điền,Street,Phường An Khánh,Phường An Khánh,District 2,2023,10,1,documented_report,At least one source observation matches this location and month.,Presence of a flood-report row in this public source for this named location and calendar month; not physical flood status.,calendar_month,Obs_242|Obs_260,SRC_30|SRC_35,10/10/2023|16/10/2023,2,,1,,10.23708/8Y16HU
P-1336408fba0f006c,GY-7596cb1faea03559,Đường Hồ Học Lãm,Street,Phường An Lạc,Phường An Lạc,Bình Tân,2023,10,1,documented_report,At least one source observation matches this location and month.,Presence of a flood-report row in this public source for this named location and calendar month; not physical flood status.,calendar_month,Obs_23,SRC_4,23/10/2023,1,,1,,10.23708/8Y16HU
P-a12276c64ae6d19f,GY-9699c612b5dac465,Đường Lê Cơ,Street,Phường An Lạc,Phường An Lạc,Bình Tân,2023,10,1,documented_report,At least one source observation matches this location and month.,Presence of a flood-report row in this public source for this named location and calendar month; not physical flood status.,calendar_month,Obs_25,SRC_4,23/10/2023,1,,1,,10.23708/8Y16HU
P-e2b2c77933a1b785,GY-0d797a47849b1d49,Đường Sinco,Street,Phường An Lạc,Phường An Lạc,Bình Tân,2023,10,1,documented_report,At least one source observation matches this location and month.,Presence of a flood-report row in this public source for this named location and calendar month; not physical flood status.,calendar_month,Obs_27,SRC_4,23/10/2023,1,,1,,10.23708/8Y16HU
P-0acdfa7ee4423494,GY-5d499beceee0aa5a,Đường Số 17A,Street,Phường An Lạc,Phường An Lạc,Bình Tân,2023,10,1,documented_report,At least one source observation matches this location and month.,Presence of a flood-report row in this public source for this named location and calendar month; not physical flood status.,calendar_month,Obs_22,SRC_4,23/10/2023,1,,1,,10.23708/8Y16HU
P-b6e78dfa7d84fefa,GY-33a7036e34407929,"Quốc lộ 1, đoạn qua Công ty TNHH PouYuen Việt Nam",National Highway,Phường An Lạc,Phường An Lạc,Bình Tân,2023,10,1,documented_report,At least one source observation matches this location and month.,Presence of a flood-report row in this public source for this named location and calendar month; not physical flood status.,calendar_month,Obs_26,SRC_4,23/10/2023,1,,1,,10.23708/8Y16HU
P-734d873153e732b3,GY-c3c8f0456a568587,Đường Đặng Thị Rành,Street,Phường Linh Xuân,Phường Linh Xuân,Thủ Đức,2023,10,1,documented_report,At least one source observation matches this location and month.,Presence of a flood-report row in this public source for this named location and calendar month; not physical flood status.,calendar_month,Obs_256,SRC_35,10/10/2023,1,,1,,10.23708/8Y16HU
P-1bd020e5e037abb9,GY-2a0102743da8a823,Đường Văn Cam,Street,Phường Linh Xuân,Phường Linh Xuân,Thủ Đức,2023,10,1,documented_report,At least one source observation matches this location and month.,Presence of a flood-report row in this public source for this named location and calendar month; not physical flood status.,calendar_month,Obs_254,SRC_35,10/10/2023,1,,1,,10.23708/8Y16HU
P-8f7c13074473a1b2,GY-7254e84db0b719c6,Đường Lã Xuân Oai,Street,Phường Long Trường,Phường Long Trường,District 9,2023,10,1,documented_report,At least one source observation matches this location and month.,Presence of a flood-report row in this public source for this named location and calendar month; not physical flood status.,calendar_month,Obs_262,SRC_35,10/10/2023,1,,1,,10.23708/8Y16HU
P-93113a7225ac490f,GY-59345924f7fb4565,Đường Nguyễn Ngọc Cung,Street,Phường Phú Định,Phường Phú Định,District 8,2023,10,1,documented_report,At least one source observation matches this location and month.,Presence of a flood-report row in this public source for this named location and calendar month; not physical flood status.,calendar_month,Obs_239,SRC_30,16/10/2023,1,,1,,10.23708/8Y16HU
P-2424f57923744142,GY-d7dfb7679615b7ae,Đường Phạm Đức Sơn,Street,Phường Phú Định,Phường Phú Định,District 8,2023,10,1,documented_report,At least one source observation matches this location and month.,Presence of a flood-report row in this public source for this named location and calendar month; not physical flood status.,calendar_month,Obs_29,SRC_4,23/10/2023,1,,1,,10.23708/8Y16HU
P-ce335a10592dd9ca,GY-208c35e803813ab6,Kinh Dương Vương,Street,Phường Phú Lâm,Phường Phú Lâm,Bình Tân,2023,10,1,documented_report,At least one source observation matches this location and month.,Presence of a flood-report row in this public source for this named location and calendar month; not physical flood status.,calendar_month,Obs_24,SRC_4,23/10/2023,1,,1,,10.23708/8Y16HU
P-9ca298259e20e5ec,GY-14b7ae3b70bb9175,Đường Trần Xuân Soạn,Street,Phường Tân Hưng,Phường Tân Hưng,District 7,2023,10,1,documented_report,At least one source observation matches this location and month.,Presence of a flood-report row in this public source for this named location and calendar month; not physical flood status.,calendar_month,Obs_236,SRC_30,16/10/2023,1,,1,,10.23708/8Y16HU
P-983d4b456b5e4e7a,GY-eca4003203a75c30,Đường Huỳnh Tấn Phát,Street,Phường Tân Mỹ,Phường Tân Mỹ,District 7,2023,10,1,documented_report,At least one source observation matches this location and month.,Presence of a flood-report row in this public source for this named location and calendar month; not physical flood status.,calendar_month,Obs_237,SRC_30,16/10/2023,1,,1,,10.23708/8Y16HU
P-82dda8e176a6724f,GY-3e91fb83124e496c,Đường Nguyễn Thị Thập,Street,Phường Tân Mỹ,Phường Tân Mỹ,District 7,2023,10,1,documented_report,At least one source observation matches this location and month.,Presence of a flood-report row in this public source for this named location and calendar month; not physical flood status.,calendar_month,Obs_238,SRC_30,16/10/2023,1,,1,,10.23708/8Y16HU
P-5fd37cd188098058,GY-6327024607b0a921,Đường Nguyễn Văn Khối,Street,Phường Thông Tây Hội,Phường Thông Tây Hội,Gò Vấp,2023,10,1,documented_report,At least one source observation matches this location and month.,Presence of a flood-report row in this public source for this named location and calendar month; not physical flood status.,calendar_month,Obs_258,SRC_35,10/10/2023,1,,1,,10.23708/8Y16HU
P-ef04b05fe6c17c4e,GY-38cc60db7d394843,Đường Hồ Văn Tư,Street,Phường Thủ Đức,Phường Thủ Đức,Thủ Đức,2023,10,1,documented_report,At least one source observation matches this location and month.,Presence of a flood-report row in this public source for this named location and calendar month; not physical flood status.,calendar_month,Obs_255,SRC_35,10/10/2023,1,,1,,10.23708/8Y16HU
P-f1de49bb40ade216,GY-fa186821eb63b88a,Phường An Thạnh,Residential area,Phường Thuận An,Phường Thuận An,,2023,10,1,documented_report,At least one source observation matches this location and month.,Presence of a flood-report row in this public source for this named location and calendar month; not physical flood status.,calendar_month,Obs_243,SRC_30,16/10/2023,1,,1,,10.23708/8Y16HU
P-e81fb0d7db00cd51,GY-f7c06e929918d2d5,Đường Lê Văn Thọ,Street,Thông Tây Hội,Thông Tây Hội,Gò Vấp,2023,10,1,documented_report,At least one source observation matches this location and month.,Presence of a flood-report row in this public source for this named location and calendar month; not physical flood status.,calendar_month,Obs_31,SRC_4,23/10/2023,1,,1,,10.23708/8Y16HU
P-9fb74926f8dfb09c,GY-4da8aa93986ac03c,Đường Nguyễn Văn Khối,Street,Thông Tây Hội,Thông Tây Hội,Gò Vấp,2023,10,1,documented_report,At least one source observation matches this location and month.,Presence of a flood-report row in this public source for this named location and calendar month; not physical flood status.,calendar_month,Obs_30,SRC_4,23/10/2023,1,,1,,10.23708/8Y16HU
P-a5081b3d65698f0a,GY-a60e04d5b0a4c4a2,Quốc Lộ 50,Street,Xã Bình Hưng,Xã Bình Hưng,Bình Chánh,2023,10,1,documented_report,At least one source observation matches this location and month.,Presence of a flood-report row in this public source for this named location and calendar month; not physical flood status.,calendar_month,Obs_240,SRC_30,16/10/2023,1,,1,,10.23708/8Y16HU
N-1f555b21880899d5,GY-5d499beceee0aa5a,Đường Số 17A,Street,Phường An Lạc,Phường An Lạc,Bình Tân,2023,11,0,pseudo_no_matching_record,No matching row was found in this source for this location-month; actual flood status is unknown.,Presence of a flood-report row in this public source for this named location and calendar month; not physical flood status.,calendar_month,,,,0,11,11,20261003,10.23708/8Y16HU
N-92f7f2ee887bc67a,GY-3e91fb83124e496c,Đường Nguyễn Thị Thập,Street,Phường Tân Mỹ,Phường Tân Mỹ,District 7,2023,11,0,pseudo_no_matching_record,No matching row was found in this source for this location-month; actual flood status is unknown.,Presence of a flood-report row in this public source for this named location and calendar month; not physical flood status.,calendar_month,,,,0,11,11,20261003,10.23708/8Y16HU
N-a2969fcc45dbf177,GY-27fa2a1d09c5dd33,Ngã tư An Sương,Intersection,Đông Hưng Thuận,Đông Hưng Thuận,District 12,2023,12,0,pseudo_no_matching_record,No matching row was found in this source for this location-month; actual flood status is unknown.,Presence of a flood-report row in this public source for this named location and calendar month; not physical flood status.,calendar_month,,,,0,11,11,20261003,10.23708/8Y16HU
N-89b727a28939abc2,GY-780ccdf96dde46a9,Đường Quốc Hương,Street,Phường An Khánh,Phường An Khánh,District 2,2023,12,0,pseudo_no_matching_record,No matching row was found in this source for this location-month; actual flood status is unknown.,Presence of a flood-report row in this public source for this named location and calendar month; not physical flood status.,calendar_month,,,,0,11,11,20261003,10.23708/8Y16HU
N-2661d2c61aa383b5,GY-321f6799f2f9c944,Đường Dương Văn Cam,Street,Phường Linh Xuân,Phường Linh Xuân,Thủ Đức,2024,1,0,pseudo_no_matching_record,No matching row was found in this source for this location-month; actual flood status is unknown.,Presence of a flood-report row in this public source for this named location and calendar month; not physical flood status.,calendar_month,,,,0,11,11,20261003,10.23708/8Y16HU
N-490c4bf11051bd56,GY-b7adf7078122ad0f,Đường Lê Văn Việt,Street,Phường Tăng Nhơn Phú,Phường Tăng Nhơn Phú,Thủ Đức,2024,2,0,pseudo_no_matching_record,No matching row was found in this source for this location-month; actual flood status is unknown.,Presence of a flood-report row in this public source for this named location and calendar month; not physical flood status.,calendar_month,,,,0,10,5,20261003,10.23708/8Y16HU
N-711561c52521546b,GY-300968bbd35ffd47,Đường Nguyễn Văn Hưởng,Street,Phường An Khánh,Phường An Khánh,District 2,2024,4,0,pseudo_no_matching_record,No matching row was found in this source for this location-month; actual flood status is unknown.,Presence of a flood-report row in this public source for this named location and calendar month; not physical flood status.,calendar_month,,,,0,11,11,20261003,10.23708/8Y16HU
P-4b91b7bc7b1c6201,GY-300968bbd35ffd47,Đường Nguyễn Văn Hưởng,Street,Phường An Khánh,Phường An Khánh,District 2,2024,5,1,documented_report,At least one source observation matches this location and month.,Presence of a flood-report row in this public source for this named location and calendar month; not physical flood status.,calendar_month,Obs_304,SRC_39,15/05/2024,1,,1,,10.23708/8Y16HU
P-e734f7fd5e876405,GY-09cde77b703b3514,Đường Nguyễn Duy Trinh,Street,Phường Bình Trưng,Phường Bình Trưng,District 2,2024,5,1,documented_report,At least one source observation matches this location and month.,Presence of a flood-report row in this public source for this named location and calendar month; not physical flood status.,calendar_month,Obs_305,SRC_39,15/05/2024,1,,1,,10.23708/8Y16HU
P-ff937008a18751d9,GY-2b2a2ecac6af1ecd,Đường Hiệp Bình,Street,Phường Hiệp Bình,Phường Hiệp Bình,Thủ Đức,2024,5,1,documented_report,At least one source observation matches this location and month.,Presence of a flood-report row in this public source for this named location and calendar month; not physical flood status.,calendar_month,Obs_310,SRC_39,15/05/2024,1,,1,,10.23708/8Y16HU
P-14920d107b054f0e,GY-8f3d298f10faa9f1,Quốc Lộ 13,National Highway,Phường Hiệp Bình,Phường Hiệp Bình,Thủ Đức,2024,5,1,documented_report,At least one source observation matches this location and month.,Presence of a flood-report row in this public source for this named location and calendar month; not physical flood status.,calendar_month,Obs_313,SRC_39,15/05/2024,1,,1,,10.23708/8Y16HU
P-3b94e47dfb047cdc,GY-07276d6d26b7b365,Đường Đặng Thị Rành,Street,Phường Linh Xuân,Phường Linh Xuân,Thủ Đức,2024,5,1,documented_report,At least one source observation matches this location and month.,Presence of a flood-report row in this public source for this named location and calendar month; not physical flood status.,calendar_month,Obs_309,SRC_39,15/05/2024,1,,1,,10.23708/8Y16HU
P-b4d9165ad85fb261,GY-321f6799f2f9c944,Đường Dương Văn Cam,Street,Phường Linh Xuân,Phường Linh Xuân,Thủ Đức,2024,5,1,documented_report,At least one source observation matches this location and month.,Presence of a flood-report row in this public source for this named location and calendar month; not physical flood status.,calendar_month,Obs_308,SRC_39,15/05/2024,1,,1,,10.23708/8Y16HU
P-a1fcb163d2ea5ec8,GY-9f5850103d81b88e,Đường Tô Ngọc Vân,Street,Phường Linh Xuân,Phường Linh Xuân,Thủ Đức,2024,5,1,documented_report,At least one source observation matches this location and month.,Presence of a flood-report row in this public source for this named location and calendar month; not physical flood status.,calendar_month,Obs_315,SRC_39,15/05/2024,1,,1,,10.23708/8Y16HU
P-7a763544f12ab4ad,GY-3a2ae23385cfe2d2,Tỉnh Lộ 43,Provincial Road,Phường Tam Bình,Phường Tam Bình,Thủ Đức,2024,5,1,documented_report,At least one source observation matches this location and month.,Presence of a flood-report row in this public source for this named location and calendar month; not physical flood status.,calendar_month,Obs_311,SRC_39,15/05/2024,1,,1,,10.23708/8Y16HU
P-5d0bd56ece9f5173,GY-876cb7a4ef25831c,Đường Lã Xuân Oai,Street,Phường Tăng Nhơn Phú,Phường Tăng Nhơn Phú,District 9,2024,5,1,documented_report,At least one source observation matches this location and month.,Presence of a flood-report row in this public source for this named location and calendar month; not physical flood status.,calendar_month,Obs_306,SRC_39,15/05/2024,1,,1,,10.23708/8Y16HU
P-83ea34de43c8aa67,GY-b7adf7078122ad0f,Đường Lê Văn Việt,Street,Phường Tăng Nhơn Phú,Phường Tăng Nhơn Phú,District 9,2024,5,1,documented_report,At least one source observation matches this location and month.,Presence of a flood-report row in this public source for this named location and calendar month; not physical flood status.,calendar_month,Obs_307,SRC_39,15/05/2024,1,,1,,10.23708/8Y16HU
P-7afe44e698c1717f,GY-69cd9be544b4fbd8,Đường Hồ Văn Tư,Street,Phường Thủ Đức,Phường Thủ Đức,Thủ Đức,2024,5,1,documented_report,At least one source observation matches this location and month.,Presence of a flood-report row in this public source for this named location and calendar month; not physical flood status.,calendar_month,Obs_312,SRC_39,15/05/2024,1,,1,,10.23708/8Y16HU
P-fa43267022995f24,GY-b5eb7fd4321ca7eb,Đường Kha Vạn Câm,Street,Phường Thủ Đức,Phường Thủ Đức,Thủ Đức,2024,5,1,documented_report,At least one source observation matches this location and month.,Presence of a flood-report row in this public source for this named location and calendar month; not physical flood status.,calendar_month,Obs_314,SRC_39,15/05/2024,1,,1,,10.23708/8Y16HU
P-db597afbee683273,GY-1f996c40cf098a4c,Đường Võ Văn Ngân,Street,Phường Thủ Đức,Phường Thủ Đức,Thủ Đức,2024,5,1,documented_report,At least one source observation matches this location and month.,Presence of a flood-report row in this public source for this named location and calendar month; not physical flood status.,calendar_month,Obs_316,SRC_39,15/05/2024,1,,1,,10.23708/8Y16HU
N-e66dc3b03d5be6e7,GY-8f3d298f10faa9f1,Quốc Lộ 13,National Highway,Phường Hiệp Bình,Phường Hiệp Bình,Thủ Đức,2024,6,0,pseudo_no_matching_record,No matching row was found in this source for this location-month; actual flood status is unknown.,Presence of a flood-report row in this public source for this named location and calendar month; not physical flood status.,calendar_month,,,,0,11,11,20261003,10.23708/8Y16HU
N-b5b94c634d30f34f,GY-07276d6d26b7b365,Đường Đặng Thị Rành,Street,Phường Linh Xuân,Phường Linh Xuân,Thủ Đức,2024,6,0,pseudo_no_matching_record,No matching row was found in this source for this location-month; actual flood status is unknown.,Presence of a flood-report row in this public source for this named location and calendar month; not physical flood status.,calendar_month,,,,0,11,11,20261003,10.23708/8Y16HU
N-e741d6d77dc5d2f1,GY-90e6d0c03d719cb0,Đường Dương Đình Hội,Street,Phường Phước Long,Phường Phước Long,Thủ Đức,2024,6,0,pseudo_no_matching_record,No matching row was found in this source for this location-month; actual flood status is unknown.,Presence of a flood-report row in this public source for this named location and calendar month; not physical flood status.,calendar_month,,,,0,11,11,20261003,10.23708/8Y16HU
N-cb0e5b7d58dc51e9,GY-b5eb7fd4321ca7eb,Đường Kha Vạn Câm,Street,Phường Thủ Đức,Phường Thủ Đức,Thủ Đức,2024,7,0,pseudo_no_matching_record,No matching row was found in this source for this location-month; actual flood status is unknown.,Presence of a flood-report row in this public source for this named location and calendar month; not physical flood status.,calendar_month,,,,0,11,11,20261003,10.23708/8Y16HU
N-0ac7b59dbcb96e4c,GY-1f996c40cf098a4c,Đường Võ Văn Ngân,Street,Phường Thủ Đức,Phường Thủ Đức,Thủ Đức,2024,7,0,pseudo_no_matching_record,No matching row was found in this source for this location-month; actual flood status is unknown.,Presence of a flood-report row in this public source for this named location and calendar month; not physical flood status.,calendar_month,,,,0,10,5,20261003,10.23708/8Y16HU
N-2eaf4d185e8b8aa7,GY-9ee424baffcd9621,Đường Bạch Đằng,Street,Phường Gia Định,Phường Gia Định,Bình Thạnh,2024,8,0,pseudo_no_matching_record,No matching row was found in this source for this location-month; actual flood status is unknown.,Presence of a flood-report row in this public source for this named location and calendar month; not physical flood status.,calendar_month,,,,0,11,11,20261003,10.23708/8Y16HU
N-be699d246b8aad17,GY-9f5850103d81b88e,Đường Tô Ngọc Vân,Street,Phường Linh Xuân,Phường Linh Xuân,Thủ Đức,2024,8,0,pseudo_no_matching_record,No matching row was found in this source for this location-month; actual flood status is unknown.,Presence of a flood-report row in this public source for this named location and calendar month; not physical flood status.,calendar_month,,,,0,11,11,20261003,10.23708/8Y16HU
N-d6d5783f22fcffb4,GY-b7adf7078122ad0f,Đường Lê Văn Việt,Street,Phường Tăng Nhơn Phú,Phường Tăng Nhơn Phú,Thủ Đức,2024,8,0,pseudo_no_matching_record,No matching row was found in this source for this location-month; actual flood status is unknown.,Presence of a flood-report row in this public source for this named location and calendar month; not physical flood status.,calendar_month,,,,0,10,5,20261003,10.23708/8Y16HU
N-e60acdb28acd7a1c,GY-09cde77b703b3514,Đường Nguyễn Duy Trinh,Street,Phường Bình Trưng,Phường Bình Trưng,District 2,2024,9,0,pseudo_no_matching_record,No matching row was found in this source for this location-month; actual flood status is unknown.,Presence of a flood-report row in this public source for this named location and calendar month; not physical flood status.,calendar_month,,,,0,11,11,20261003,10.23708/8Y16HU
N-7234a7dd151898c1,GY-3a2ae23385cfe2d2,Tỉnh Lộ 43,Provincial Road,Phường Tam Bình,Phường Tam Bình,Thủ Đức,2024,10,0,pseudo_no_matching_record,No matching row was found in this source for this location-month; actual flood status is unknown.,Presence of a flood-report row in this public source for this named location and calendar month; not physical flood status.,calendar_month,,,,0,11,11,20261003,10.23708/8Y16HU
N-a2be1653c8f26d4c,GY-6ed3006beb6101f1,Đường Nguyễn Hữu Cảnh,Street,Phường Thạnh Mỹ Tây,Phường Thạnh Mỹ Tây,Bình Thạnh,2024,10,0,pseudo_no_matching_record,No matching row was found in this source for this location-month; actual flood status is unknown.,Presence of a flood-report row in this public source for this named location and calendar month; not physical flood status.,calendar_month,,,,0,11,11,20261003,10.23708/8Y16HU
N-af16e58f67f81b03,GY-69cd9be544b4fbd8,Đường Hồ Văn Tư,Street,Phường Thủ Đức,Phường Thủ Đức,Thủ Đức,2024,10,0,pseudo_no_matching_record,No matching row was found in this source for this location-month; actual flood status is unknown.,Presence of a flood-report row in this public source for this named location and calendar month; not physical flood status.,calendar_month,,,,0,11,11,20261003,10.23708/8Y16HU
N-60e4cf9a8bf1d497,GY-2b2a2ecac6af1ecd,Đường Hiệp Bình,Street,Phường Hiệp Bình,Phường Hiệp Bình,Thủ Đức,2024,11,0,pseudo_no_matching_record,No matching row was found in this source for this location-month; actual flood status is unknown.,Presence of a flood-report row in this public source for this named location and calendar month; not physical flood status.,calendar_month,,,,0,11,11,20261003,10.23708/8Y16HU
N-98998b222c7ce84f,GY-876cb7a4ef25831c,Đường Lã Xuân Oai,Street,Phường Tăng Nhơn Phú,Phường Tăng Nhơn Phú,District 9,2024,11,0,pseudo_no_matching_record,No matching row was found in this source for this location-month; actual flood status is unknown.,Presence of a flood-report row in this public source for this named location and calendar month; not physical flood status.,calendar_month,,,,0,11,11,20261003,10.23708/8Y16HU
N-4591a2385eccf203,GY-1f996c40cf098a4c,Đường Võ Văn Ngân,Street,Phường Thủ Đức,Phường Thủ Đức,Thủ Đức,2024,11,0,pseudo_no_matching_record,No matching row was found in this source for this location-month; actual flood status is unknown.,Presence of a flood-report row in this public source for this named location and calendar month; not physical flood status.,calendar_month,,,,0,10,5,20261003,10.23708/8Y16HU
P-32f7b55a82917dab,GY-9ee424baffcd9621,Đường Bạch Đằng,Street,Phường Gia Định,Phường Gia Định,Bình Thạnh,2024,12,1,documented_report,At least one source observation matches this location and month.,Presence of a flood-report row in this public source for this named location and calendar month; not physical flood status.,calendar_month,Obs_130,SRC_18,27/12/2024,1,,1,,10.23708/8Y16HU
P-26b9f51724474e04,GY-90e6d0c03d719cb0,Đường Dương Đình Hội,Street,Phường Phước Long,Phường Phước Long,Thủ Đức,2024,12,1,documented_report,At least one source observation matches this location and month.,Presence of a flood-report row in this public source for this named location and calendar month; not physical flood status.,calendar_month,Obs_129,SRC_18,27/12/2024,1,,1,,10.23708/8Y16HU
P-7cb643321241e61d,GY-b7adf7078122ad0f,Đường Lê Văn Việt,Street,Phường Tăng Nhơn Phú,Phường Tăng Nhơn Phú,Thủ Đức,2024,12,1,documented_report,At least one source observation matches this location and month.,Presence of a flood-report row in this public source for this named location and calendar month; not physical flood status.,calendar_month,Obs_128,SRC_18,27/12/2024,1,,1,,10.23708/8Y16HU
P-8b793a785285e352,GY-6ed3006beb6101f1,Đường Nguyễn Hữu Cảnh,Street,Phường Thạnh Mỹ Tây,Phường Thạnh Mỹ Tây,Bình Thạnh,2024,12,1,documented_report,At least one source observation matches this location and month.,Presence of a flood-report row in this public source for this named location and calendar month; not physical flood status.,calendar_month,Obs_126,SRC_18,27/12/2024,1,,1,,10.23708/8Y16HU
P-79482106905e0fa3,GY-1f996c40cf098a4c,Đường Võ Văn Ngân,Street,Phường Thủ Đức,Phường Thủ Đức,Thủ Đức,2024,12,1,documented_report,At least one source observation matches this location and month.,Presence of a flood-report row in this public source for this named location and calendar month; not physical flood status.,calendar_month,Obs_127,SRC_18,27/12/2024,1,,1,,10.23708/8Y16HU
N-74499e6a6a5046fb,GY-a8aa781c2dfaf466,Đường Văn Cam,Street,Phường Linh Xuân,Phường Linh Xuân,Thủ Đức,2025,1,0,pseudo_no_matching_record,No matching row was found in this source for this location-month; actual flood status is unknown.,Presence of a flood-report row in this public source for this named location and calendar month; not physical flood status.,calendar_month,,,,0,11,11,20261003,10.23708/8Y16HU
N-e1deb2fc86f5a9df,GY-7402665390eef0e6,Đường Huỳnh Tấn Phát,Street,Phường Phú Thuận,Phường Phú Thuận,District 7,2025,1,0,pseudo_no_matching_record,No matching row was found in this source for this location-month; actual flood status is unknown.,Presence of a flood-report row in this public source for this named location and calendar month; not physical flood status.,calendar_month,,,,0,11,11,20261003,10.23708/8Y16HU
N-7597cc51e29dfb00,GY-b8bd75993ac635c8,Đường Võ Văn Kiệt,Street,Phường Bình Phú,Phường Bình Phú,District 8,2025,3,0,pseudo_no_matching_record,No matching row was found in this source for this location-month; actual flood status is unknown.,Presence of a flood-report row in this public source for this named location and calendar month; not physical flood status.,calendar_month,,,,0,11,11,20261003,10.23708/8Y16HU
N-88afd4702606e061,GY-ef97f78763ca3d47,Đường Số 17A,Street,Phường An Lạc,Phường An Lạc,Bình Tân,2025,4,0,pseudo_no_matching_record,No matching row was found in this source for this location-month; actual flood status is unknown.,Presence of a flood-report row in this public source for this named location and calendar month; not physical flood status.,calendar_month,,,,0,11,11,20261003,10.23708/8Y16HU
N-4ee2b6bb5ceae2c1,GY-20df3fee12511b34,Đường Hồ Học Lãm,Street,Phường An Lạc,Phường An Lạc,Bình Tân,2025,5,0,pseudo_no_matching_record,No matching row was found in this source for this location-month; actual flood status is unknown.,Presence of a flood-report row in this public source for this named location and calendar month; not physical flood status.,calendar_month,,,,0,11,11,20261003,10.23708/8Y16HU
N-74b701072c24cb91,GY-8f410709238ec6ec,Đường SinCo,Street,Phường An Lạc,Phường An Lạc,Bình Tân,2025,5,0,pseudo_no_matching_record,No matching row was found in this source for this location-month; actual flood status is unknown.,Presence of a flood-report row in this public source for this named location and calendar month; not physical flood status.,calendar_month,,,,0,11,11,20261003,10.23708/8Y16HU
N-64d45da32c502c7f,GY-5f0f6c1aa5c34f80,Đường Phạm Thế Hiển,Street,Phường Bình Đông,Phường Bình Đông,District 8,2025,5,0,pseudo_no_matching_record,No matching row was found in this source for this location-month; actual flood status is unknown.,Presence of a flood-report row in this public source for this named location and calendar month; not physical flood status.,calendar_month,,,,0,11,11,20261003,10.23708/8Y16HU
P-655daa15e5ddd125,GY-81dab84a46d7d6d3,Đường Đặng Thị Rành,Street,Phường Linh Xuân,Phường Linh Xuân,Thủ Đức,2025,5,1,documented_report,At least one source observation matches this location and month.,Presence of a flood-report row in this public source for this named location and calendar month; not physical flood status.,calendar_month,Obs_263,SRC_36,10/05/2025,1,,1,,10.23708/8Y16HU
P-4a20d42e5b078b8a,GY-a8aa781c2dfaf466,Đường Văn Cam,Street,Phường Linh Xuân,Phường Linh Xuân,Thủ Đức,2025,5,1,documented_report,At least one source observation matches this location and month.,Presence of a flood-report row in this public source for this named location and calendar month; not physical flood status.,calendar_month,Obs_264,SRC_36,10/05/2025,1,,1,,10.23708/8Y16HU
N-2c62d33661fff2a8,GY-cf7b2e9d3647a763,Đường 15B,Street,Phường Phú Mỹ,Phường Phú Mỹ,District 7,2025,5,0,pseudo_no_matching_record,No matching row was found in this source for this location-month; actual flood status is unknown.,Presence of a flood-report row in this public source for this named location and calendar month; not physical flood status.,calendar_month,,,,0,11,11,20261003,10.23708/8Y16HU
N-69180eb4d0931968,GY-f66a80b602271f7c,Đường Phạm Hữu Lầu,Street,Phường Tân Mỹ,Phường Tân Mỹ,District 7,2025,5,0,pseudo_no_matching_record,No matching row was found in this source for this location-month; actual flood status is unknown.,Presence of a flood-report row in this public source for this named location and calendar month; not physical flood status.,calendar_month,,,,0,11,11,20261003,10.23708/8Y16HU
P-3a9108f0578bd245,GY-ce0ccdfc3690506d,Đường Hồ Văn Tư,Street,Phường Thủ Đức,Phường Thủ Đức,Thủ Đức,2025,5,1,documented_report,At least one source observation matches this location and month.,Presence of a flood-report row in this public source for this named location and calendar month; not physical flood status.,calendar_month,Obs_265,SRC_36,10/05/2025,1,,1,,10.23708/8Y16HU
N-7339a6eed259f4ad,GY-7cdc0cf2e0e19fdb,Đường Lương Định Của,Street,Phường An Khánh,Phường An Khánh,District 2,2025,7,0,pseudo_no_matching_record,No matching row was found in this source for this location-month; actual flood status is unknown.,Presence of a flood-report row in this public source for this named location and calendar month; not physical flood status.,calendar_month,,,,0,11,11,20261003,10.23708/8Y16HU
N-512f6b549371f7af,GY-91419921ef8c04f3,Đường Mã Lò,Street,Phường Bình Trị Đông,Phường Bình Trị Đông,Bình Tân,2025,7,0,pseudo_no_matching_record,No matching row was found in this source for this location-month; actual flood status is unknown.,Presence of a flood-report row in this public source for this named location and calendar month; not physical flood status.,calendar_month,,,,0,11,11,20261003,10.23708/8Y16HU
P-b23ba11b95a3490c,GY-c730c739ec5f494b,Đường Chu Văn An,Street,Phường Bình Thạnh,Phường Bình Thạnh,Bình Thạnh,2025,8,1,documented_report,At least one source observation matches this location and month.,Presence of a flood-report row in this public source for this named location and calendar month; not physical flood status.,calendar_month,Obs_373,SRC_49,06/08/2025,1,,1,,10.23708/8Y16HU
P-e006df37359455a5,GY-c3c27b58c24997a8,Đường Dương Văn Cam,Street,Phường Linh Xuân,Phường Linh Xuân,Thủ Đức,2025,8,1,documented_report,At least one source observation matches this location and month.,Presence of a flood-report row in this public source for this named location and calendar month; not physical flood status.,calendar_month,Obs_374,SRC_49,06/08/2025,1,,1,,10.23708/8Y16HU
N-e3da59aa64ed9662,GY-163baf2c1baed9e3,Đường Phan Huy Ích,Street,Phường Tân Sơn,Phường Tân Sơn,Tân Bình,2025,8,0,pseudo_no_matching_record,No matching row was found in this source for this location-month; actual flood status is unknown.,Presence of a flood-report row in this public source for this named location and calendar month; not physical flood status.,calendar_month,,,,0,11,11,20261003,10.23708/8Y16HU
N-c3a134d2ac68b9da,GY-b4a464056fb965f7,Đường Quốc Hương,Street,Phường An Khánh,Phường An Khánh,District 2,2025,9,0,pseudo_no_matching_record,No matching row was found in this source for this location-month; actual flood status is unknown.,Presence of a flood-report row in this public source for this named location and calendar month; not physical flood status.,calendar_month,,,,0,11,11,20261003,10.23708/8Y16HU
P-35ae5df86e2b4681,GY-20df3fee12511b34,Đường Hồ Học Lãm,Street,Phường An Lạc,Phường An Lạc,Bình Tân,2025,9,1,documented_report,At least one source observation matches this location and month.,Presence of a flood-report row in this public source for this named location and calendar month; not physical flood status.,calendar_month,Obs_376,SRC_50,11/09/2025,1,,1,,10.23708/8Y16HU
P-ab0139b1d3924de1,GY-8f410709238ec6ec,Đường SinCo,Street,Phường An Lạc,Phường An Lạc,Bình Tân,2025,9,1,documented_report,At least one source observation matches this location and month.,Presence of a flood-report row in this public source for this named location and calendar month; not physical flood status.,calendar_month,Obs_377,SRC_50,11/09/2025,1,,1,,10.23708/8Y16HU
P-73ebe5ab2352eb86,GY-ef97f78763ca3d47,Đường Số 17A,Street,Phường An Lạc,Phường An Lạc,Bình Tân,2025,9,1,documented_report,At least one source observation matches this location and month.,Presence of a flood-report row in this public source for this named location and calendar month; not physical flood status.,calendar_month,Obs_379,SRC_50,11/09/2025,1,,1,,10.23708/8Y16HU
P-1d2b47592be01dfd,GY-b8bd75993ac635c8,Đường Võ Văn Kiệt,Street,Phường Bình Phú,Phường Bình Phú,District 8,2025,9,1,documented_report,At least one source observation matches this location and month.,Presence of a flood-report row in this public source for this named location and calendar month; not physical flood status.,calendar_month,Obs_378,SRC_50,11/09/2025,1,,1,,10.23708/8Y16HU
P-7c139998c46cba53,GY-91419921ef8c04f3,Đường Mã Lò,Street,Phường Bình Trị Đông,Phường Bình Trị Đông,Bình Tân,2025,9,1,documented_report,At least one source observation matches this location and month.,Presence of a flood-report row in this public source for this named location and calendar month; not physical flood status.,calendar_month,Obs_380,SRC_50,11/09/2025,1,,1,,10.23708/8Y16HU
N-f55bfba204c32be2,GY-c9b79fa4346cba19,Đường Nguyễn Hữu Cảnh,Street,Phường Sài Gòn,Phường Sài Gòn,District 1,2025,9,0,pseudo_no_matching_record,No matching row was found in this source for this location-month; actual flood status is unknown.,Presence of a flood-report row in this public source for this named location and calendar month; not physical flood status.,calendar_month,,,,0,11,11,20261003,10.23708/8Y16HU
P-63aa63b406ceb3da,GY-163baf2c1baed9e3,Đường Phan Huy Ích,Street,Phường Tân Sơn,Phường Tân Sơn,Tân Bình,2025,9,1,documented_report,At least one source observation matches this location and month.,Presence of a flood-report row in this public source for this named location and calendar month; not physical flood status.,calendar_month,Obs_375,SRC_50,11/09/2025,1,,1,,10.23708/8Y16HU
P-9104c990c812557b,GY-ff895f9b0060fca9,Đường Thanh Đa,Street,Phường Bình Quới,Phường Bình Quới,Bình Thạnh,2025,10,1,documented_report,At least one source observation matches this location and month.,Presence of a flood-report row in this public source for this named location and calendar month; not physical flood status.,calendar_month,Obs_32,SRC_5,25/10/2025,1,,1,,10.23708/8Y16HU
N-16b3ab7c5c34846f,GY-60dfa197bd90924c,Đường Nguyễn Lương Bằng,Street,Phường Tân Mỹ,Phường Tân Mỹ,District 7,2025,10,0,pseudo_no_matching_record,No matching row was found in this source for this location-month; actual flood status is unknown.,Presence of a flood-report row in this public source for this named location and calendar month; not physical flood status.,calendar_month,,,,0,11,11,20261003,10.23708/8Y16HU
P-db869ec389ad81f1,GY-7cdc0cf2e0e19fdb,Đường Lương Định Của,Street,Phường An Khánh,Phường An Khánh,District 2,2025,11,1,documented_report,At least one source observation matches this location and month.,Presence of a flood-report row in this public source for this named location and calendar month; not physical flood status.,calendar_month,Obs_196,SRC_24,06/11/2025,1,,1,,10.23708/8Y16HU
P-b575844f225beebf,GY-b4a464056fb965f7,Đường Quốc Hương,Street,Phường An Khánh,Phường An Khánh,District 2,2025,11,1,documented_report,At least one source observation matches this location and month.,Presence of a flood-report row in this public source for this named location and calendar month; not physical flood status.,calendar_month,Obs_197,SRC_24,06/11/2025,1,,1,,10.23708/8Y16HU
P-df13b092ad303b8c,GY-5f0f6c1aa5c34f80,Đường Phạm Thế Hiển,Street,Phường Bình Đông,Phường Bình Đông,District 8,2025,11,1,documented_report,At least one source observation matches this location and month.,Presence of a flood-report row in this public source for this named location and calendar month; not physical flood status.,calendar_month,Obs_199,SRC_24,06/11/2025,1,,1,,10.23708/8Y16HU
P-b4eba4f7af3ee80b,GY-6297ed85f8988b8e,Đường Bình Quới,Street,Phường Bình Quới,Phường Bình Quới,Bình Thạnh,2025,11,1,documented_report,At least one source observation matches this location and month.,Presence of a flood-report row in this public source for this named location and calendar month; not physical flood status.,calendar_month,Obs_200,SRC_24,06/11/2025,1,,1,,10.23708/8Y16HU
N-743e84691a0a5827,GY-ff895f9b0060fca9,Đường Thanh Đa,Street,Phường Bình Quới,Phường Bình Quới,Bình Thạnh,2025,11,0,pseudo_no_matching_record,No matching row was found in this source for this location-month; actual flood status is unknown.,Presence of a flood-report row in this public source for this named location and calendar month; not physical flood status.,calendar_month,,,,0,11,11,20261003,10.23708/8Y16HU
P-43f68048201efef3,GY-cf7b2e9d3647a763,Đường 15B,Street,Phường Phú Mỹ,Phường Phú Mỹ,District 7,2025,11,1,documented_report,At least one source observation matches this location and month.,Presence of a flood-report row in this public source for this named location and calendar month; not physical flood status.,calendar_month,Obs_350,SRC_44,06/11/2025,1,,1,,10.23708/8Y16HU
P-d03fc5e92f1be8c1,GY-7402665390eef0e6,Đường Huỳnh Tấn Phát,Street,Phường Phú Thuận,Phường Phú Thuận,District 7,2025,11,1,documented_report,At least one source observation matches this location and month.,Presence of a flood-report row in this public source for this named location and calendar month; not physical flood status.,calendar_month,Obs_348,SRC_44,06/11/2025,1,,1,,10.23708/8Y16HU
P-761285f6979bc9d5,GY-c9b79fa4346cba19,Đường Nguyễn Hữu Cảnh,Street,Phường Sài Gòn,Phường Sài Gòn,District 1,2025,11,1,documented_report,At least one source observation matches this location and month.,Presence of a flood-report row in this public source for this named location and calendar month; not physical flood status.,calendar_month,Obs_73,SRC_11,22/11/2025,1,,1,,10.23708/8Y16HU
P-8866c372b878fb9f,GY-60dfa197bd90924c,Đường Nguyễn Lương Bằng,Street,Phường Tân Mỹ,Phường Tân Mỹ,District 7,2025,11,1,documented_report,At least one source observation matches this location and month.,Presence of a flood-report row in this public source for this named location and calendar month; not physical flood status.,calendar_month,Obs_349,SRC_44,06/11/2025,1,,1,,10.23708/8Y16HU
P-dd26e1d0c3899950,GY-f66a80b602271f7c,Đường Phạm Hữu Lầu,Street,Phường Tân Mỹ,Phường Tân Mỹ,District 7,2025,11,1,documented_report,At least one source observation matches this location and month.,Presence of a flood-report row in this public source for this named location and calendar month; not physical flood status.,calendar_month,Obs_194,SRC_24,06/11/2025,1,,1,,10.23708/8Y16HU
N-70acd7944b259e6b,GY-6297ed85f8988b8e,Đường Bình Quới,Street,Phường Bình Quới,Phường Bình Quới,Bình Thạnh,2025,12,0,pseudo_no_matching_record,No matching row was found in this source for this location-month; actual flood status is unknown.,Presence of a flood-report row in this public source for this named location and calendar month; not physical flood status.,calendar_month,,,,0,11,11,20261003,10.23708/8Y16HU
N-0ce73ae5878ae18a,GY-c730c739ec5f494b,Đường Chu Văn An,Street,Phường Bình Thạnh,Phường Bình Thạnh,Bình Thạnh,2025,12,0,pseudo_no_matching_record,No matching row was found in this source for this location-month; actual flood status is unknown.,Presence of a flood-report row in this public source for this named location and calendar month; not physical flood status.,calendar_month,,,,0,11,11,20261003,10.23708/8Y16HU
N-0ac39b8f9cbf5b56,GY-81dab84a46d7d6d3,Đường Đặng Thị Rành,Street,Phường Linh Xuân,Phường Linh Xuân,Thủ Đức,2025,12,0,pseudo_no_matching_record,No matching row was found in this source for this location-month; actual flood status is unknown.,Presence of a flood-report row in this public source for this named location and calendar month; not physical flood status.,calendar_month,,,,0,11,11,20261003,10.23708/8Y16HU
N-467cefd8cfc37573,GY-c3c27b58c24997a8,Đường Dương Văn Cam,Street,Phường Linh Xuân,Phường Linh Xuân,Thủ Đức,2025,12,0,pseudo_no_matching_record,No matching row was found in this source for this location-month; actual flood status is unknown.,Presence of a flood-report row in this public source for this named location and calendar month; not physical flood status.,calendar_month,,,,0,11,11,20261003,10.23708/8Y16HU
N-008e29dd41d7ecdd,GY-ce0ccdfc3690506d,Đường Hồ Văn Tư,Street,Phường Thủ Đức,Phường Thủ Đức,Thủ Đức,2025,12,0,pseudo_no_matching_record,No matching row was found in this source for this location-month; actual flood status is unknown.,Presence of a flood-report row in this public source for this named location and calendar month; not physical flood status.,calendar_month,,,,0,11,11,20261003,10.23708/8Y16HU
N-54e5e86a6ed94956,GY-a3a8afe11862c713,Đường Đặng Thị Rành,Street,Phường Linh Xuân,Phường Linh Xuân,Thủ Đức,2026,3,0,pseudo_no_matching_record,No matching row was found in this source for this location-month; actual flood status is unknown.,Presence of a flood-report row in this public source for this named location and calendar month; not physical flood status.,calendar_month,,,,0,11,11,20261003,10.23708/8Y16HU
N-0f1b3727b0e40719,GY-2e94f8b85a58e4e8,Đường Trương Văn Ngư,Street,Phường Linh Xuân,Phường Linh Xuân,Thủ Đức,2026,4,0,pseudo_no_matching_record,No matching row was found in this source for this location-month; actual flood status is unknown.,Presence of a flood-report row in this public source for this named location and calendar month; not physical flood status.,calendar_month,,,,0,11,11,20261003,10.23708/8Y16HU
N-62984fd6c56513c6,GY-24f404f22f525286,Đường Quốc Hương,Street,Phường An Khánh,Phường An Khánh,District 2,2026,5,0,pseudo_no_matching_record,No matching row was found in this source for this location-month; actual flood status is unknown.,Presence of a flood-report row in this public source for this named location and calendar month; not physical flood status.,calendar_month,,,,0,11,11,20261003,10.23708/8Y16HU
N-4da98735693d9eb4,GY-3921e8e918fa0f97,Đường Xuân Thủy,Street,Phường An Khánh,Phường An Khánh,District 2,2026,5,0,pseudo_no_matching_record,No matching row was found in this source for this location-month; actual flood status is unknown.,Presence of a flood-report row in this public source for this named location and calendar month; not physical flood status.,calendar_month,,,,0,11,11,20261003,10.23708/8Y16HU
P-3f2a1bd863ad10d7,GY-a3a8afe11862c713,Đường Đặng Thị Rành,Street,Phường Linh Xuân,Phường Linh Xuân,Thủ Đức,2026,5,1,documented_report,At least one source observation matches this location and month.,Presence of a flood-report row in this public source for this named location and calendar month; not physical flood status.,calendar_month,Obs_268,SRC_37,02/05/2026,1,,1,,10.23708/8Y16HU
P-a793109914703af7,GY-b60efa25363df546,Đường Kha Vạn Cân,Street,Phường Linh Xuân,Phường Linh Xuân,Thủ Đức,2026,5,1,documented_report,At least one source observation matches this location and month.,Presence of a flood-report row in this public source for this named location and calendar month; not physical flood status.,calendar_month,Obs_267,SRC_37,02/05/2026,1,,1,,10.23708/8Y16HU
P-158269d22ad3d64a,GY-2e94f8b85a58e4e8,Đường Trương Văn Ngư,Street,Phường Linh Xuân,Phường Linh Xuân,Thủ Đức,2026,5,1,documented_report,At least one source observation matches this location and month.,Presence of a flood-report row in this public source for this named location and calendar month; not physical flood status.,calendar_month,Obs_266,SRC_37,02/05/2026,1,,1,,10.23708/8Y16HU
P-37973f17f4859817,GY-24f404f22f525286,Đường Quốc Hương,Street,Phường An Khánh,Phường An Khánh,District 2,2026,6,1,documented_report,At least one source observation matches this location and month.,Presence of a flood-report row in this public source for this named location and calendar month; not physical flood status.,calendar_month,Obs_369,SRC_47,16/06/2026,1,,1,,10.23708/8Y16HU
P-2a5266b16b5419a0,GY-946f10e1cdf98cde,Đường R12,Street,Phường An Khánh,Phường An Khánh,District 2,2026,6,1,documented_report,At least one source observation matches this location and month.,Presence of a flood-report row in this public source for this named location and calendar month; not physical flood status.,calendar_month,Obs_372,SRC_48,16/06/2026,1,,1,,10.23708/8Y16HU
P-39044b472c7fa8ff,GY-3921e8e918fa0f97,Đường Xuân Thủy,Street,Phường An Khánh,Phường An Khánh,District 2,2026,6,1,documented_report,At least one source observation matches this location and month.,Presence of a flood-report row in this public source for this named location and calendar month; not physical flood status.,calendar_month,Obs_370,SRC_47,16/06/2026,1,,1,,10.23708/8Y16HU
P-bce4e10b2d0cd23b,GY-5d63391c7af0b2e6,Đường Lê Văn Việt,Street,Phường Tăng Nhơn Phú,Phường Tăng Nhơn Phú,District 9,2026,6,1,documented_report,At least one source observation matches this location and month.,Presence of a flood-report row in this public source for this named location and calendar month; not physical flood status.,calendar_month,Obs_371,SRC_47,16/06/2026,1,,1,,10.23708/8Y16HU
N-378dcea3a2474364,GY-5d63391c7af0b2e6,Đường Lê Văn Việt,Street,Phường Tăng Nhơn Phú,Phường Tăng Nhơn Phú,District 9,2026,7,0,pseudo_no_matching_record,No matching row was found in this source for this location-month; actual flood status is unknown.,Presence of a flood-report row in this public source for this named location and calendar month; not physical flood status.,calendar_month,,,,0,11,11,20261003,10.23708/8Y16HU
N-a3a18c3459e5edb6,GY-946f10e1cdf98cde,Đường R12,Street,Phường An Khánh,Phường An Khánh,District 2,2026,8,0,pseudo_no_matching_record,No matching row was found in this source for this location-month; actual flood status is unknown.,Presence of a flood-report row in this public source for this named location and calendar month; not physical flood status.,calendar_month,,,,0,11,11,20261003,10.23708/8Y16HU
N-ffcad79339220925,GY-b60efa25363df546,Đường Kha Vạn Cân,Street,Phường Linh Xuân,Phường Linh Xuân,Thủ Đức,2026,9,0,pseudo_no_matching_record,No matching row was found in this source for this location-month; actual flood status is unknown.,Presence of a flood-report row in this public source for this named location and calendar month; not physical flood status.,calendar_month,,,,0,11,11,20261003,10.23708/8Y16HU
